Sample_ID,rs10008032,rs10025344,rs1007916,rs1016101,rs10165208,rs10173594,rs10245220,rs10492944,rs10737480,rs10749549,rs10752748,rs10777469,rs10835271,rs10889634,rs10910034,rs10917234,rs10961635,rs10962599,rs10969597,rs11119881,rs11120943,rs11121722,rs11147417,rs11192637,rs11198214,rs11204853,rs11211329,rs11264025,rs1133238,rs11466691,rs11582339,rs11636232,rs11637114,rs11707443,rs11748410,rs11965097,rs12028663,rs12038297,rs12039666,rs12043519,rs12059795,rs12075715,rs12097368,rs12108234,rs12142199,rs12294859,rs1240708,rs12410046,rs12411125,rs12423495,rs12467317,rs1246828,rs12484869,rs12568035,rs12590812,rs12595731,rs12685829,rs12875618,rs13302982,rs1335762,rs13376100,rs13378757,rs1338839,rs13397666,rs1363845,rs1374821,rs1384182,rs1396795,rs1396797,rs1439464,rs1465221,rs1498111,rs1524007,rs1569635,rs164736,rs16841094,rs16846854,rs16870076,rs16941717,rs17007466,rs17027638,rs17031150,rs1704348,rs17084501,rs17128262,rs17160669,rs17348860,rs17425081,rs17640978,rs17742354,rs1798246,rs1800414,rs1858104,rs1861,rs1865164,rs1881559,rs1888913,rs1926883,rs1960182,rs2032915,rs2039242,rs2051548,rs2055204,rs2059696,rs2083838,rs210780,rs2123694,rs2183746,rs220486,rs2235536,rs2244013,rs2254669,rs2270068,rs2274264,rs2281173,rs2292051,rs2292857,rs2298225,rs2303170,rs2377982,rs2483275,rs2500283,rs2519,rs2606411,rs260698,rs262680,rs2643885,rs2651912,rs2651927,rs2691483,rs274751,rs2793661,rs2802774,rs28117,rs2814778,rs2817185,rs2829003,rs2840530,rs28570376,rs2891125,rs2904664,rs2905036,rs310373,rs3128342,rs3131972,rs3213221,rs331728,rs351619,rs35242196,rs35389,rs35391,rs35411,rs35940137,rs35958305,rs367673,rs3737718,rs3737721,rs3737829,rs3748592,rs3748593,rs3766178,rs3767908,rs3776329,rs3776334,rs3776337,rs3795501,rs3814226,rs3848147,rs3855955,rs3860318,rs3947662,rs4040604,rs41388954,rs4245756,rs425277,rs4310388,rs4314833,rs4436808,rs4475691,rs4624679,rs4644548,rs4648808,rs4668272,rs4669937,rs4678073,rs4790359,rs4819094,rs4833103,rs4851370,rs4870227,rs4871389,rs488612,rs4906743,rs4930431,rs4958560,rs4968239,rs4970383,rs5004864,rs522821,rs5743567,rs5751131,rs5758402,rs6038071,rs6053122,rs609096,rs638425,rs6439472,rs6445254,rs6500380,rs6541124,rs6577401,rs6603781,rs6663420,rs6667248,rs6669870,rs6681741,rs6685064,rs6694203,rs6696281,rs6717424,rs672463,rs6731591,rs6732285,rs679563,rs6804194,rs692902,rs6932667,rs7134749,rs7154864,rs715846,rs7214357,rs7290,rs738989,rs7407,rs7517585,rs7541544,rs7552141,rs7552342,rs7582192,rs7588439,rs7759248,rs7782345,rs7860104,rs8007618,rs8053650,rs8078633,rs8081204,rs873927,rs911445,rs916977,rs917408,rs926144,rs9329417,rs9331225,rs9442235,rs9442619,rs9442996,rs9557355,rs9573246,rs9729550,rs973978,rs9803031,rs9893667,rs9896466,rs9907225,rs9919220
Strand,+,+,+,+,+,+,+,+,+,+,+,+,+,+,+,+,+,+,+,+,+,+,+,+,-,-,-,-,-,-,-,-,-,-,-,-,-,-,-,-,-,-,-,-,-,-,-,-,-,-,-,-,-,-,-,-,-,-,-,-,-,-,-,-,-,-,-,-,-,-,-,-,-,-,-,-,-,-,-,-,-,-,-,-,-,-,-,-,-,-,-,-,-,-,-,-,-,-,-,-,-,-,-,-,-,-,-,-,-,-,-,-,-,-,-,-,-,-,+,-,-,-,-,-,-,-,-,-,-,-,-,-,-,-,-,-,-,-,-,-,-,-,-,-,-,-,-,-,-,-,-,-,-,-,-,-,-,-,-,-,-,-,-,-,-,-,-,-,-,-,-,-,-,-,-,-,-,-,-,-,-,-,-,-,-,-,-,-,-,-,-,-,-,-,-,-,-,-,-,-,-,-,-,-,-,-,-,-,-,-,-,-,-,-,-,-,-,-,-,-,-,-,-,-,-,-,-,-,-,-,-,-,-,-,-,-,-,-,-,-,-,-,-,-,-,-,-,-,-,-,-,-,-,-,-,-,-,-,-,-,-,-,-,-,-,-
NA19919,C_C,A_A,T_T,G_G,C_C,A_A,A_G,C_C,G_T,G_G,A_A,A_A,A_A,A_G,C_C,G_G,T_T,C_C,G_G,C_C,G_G,A_A,T_T,G_G,C_C,A_A,T_T,G_G,C_C,A_A,C_C,G_G,A_A,C_C,G_G,G_G,G_G,T_T,G_G,G_G,A_G,G_T,A_G,C_C,C_T,A_A,C_T,C_C,G_G,A_G,C_C,C_T,C_C,G_G,C_C,C_C,C_C,C_T,C_T,A_A,G_G,T_T,A_C,C_C,T_T,A_A,C_G,T_T,C_C,C_C,C_T,T_T,A_A,A_G,G_G,C_T,A_A,A_C,T_T,C_C,T_T,C_C,A_G,A_A,C_T,A_G,G_G,C_C,A_A,G_T,G_G,A_A,C_C,G_G,C_T,G_T,C_C,T_T,T_T,G_G,C_C,G_G,C_T,T_T,G_G,A_A,T_T,A_A,T_T,A_G,C_C,C_T,C_C,C_C,C_T,T_T,C_C,G_G,T_T,A_A,G_G,G_G,A_G,G_G,T_T,G_G,T_T,A_G,G_T,A_A,A_G,A_G,T_T,C_T,G_G,C_T,G_G,T_T,C_C,G_G,A_G,A_A,G_G,G_T,C_C,C_G,C_C,C_T,G_T,C_C,A_G,C_T,C_C,A_C,C_G,C_C,T_T,T_T,C_C,G_G,A_G,C_C,C_G,C_C,C_G,G_G,C_C,C_C,C_C,A_T,A_C,A_C,C_C,G_G,G_G,A_A,A_A,C_C,G_G,T_T,A_G,G_G,C_C,C_C,G_T,A_A,A_C,G_G,G_G,C_C,A_A,A_G,C_T,A_A,A_A,G_G,G_G,A_A,C_T,C_T,T_T,G_G,G_G,T_T,T_T,G_G,C_C,C_T,C_C,G_G,A_G,C_C,A_A,T_T,G_G,A_G,G_G,A_G,G_G,C_T,A_G,A_G,T_T,T_T,A_G,G_G,C_T,A_A,C_C,T_T,T_T,A_G,G_G,G_G,A_G,A_G,T_T,G_G,C_C,C_C,A_G,C_C,C_T,C_C,A_G,C_G,C_T,C_T,A_A,A_A,C_C,T_T,G_G,G_G,A_C,G_G,T_T,A_A,G_G,G_T,C_T,A_G,A_G,C_T,A_A,C_C
NA19916,C_T,A_G,T_T,G_G,C_C,A_G,A_A,C_C,G_G,A_G,G_G,A_G,A_A,A_G,C_T,A_G,T_T,C_T,T_T,C_C,A_G,A_G,T_T,A_A,C_C,A_A,T_T,G_G,C_C,A_A,A_C,G_G,G_G,C_C,G_G,G_G,G_G,G_T,G_G,G_G,A_A,G_T,A_A,C_C,C_C,A_A,C_C,C_C,G_G,A_A,C_C,C_T,C_C,A_G,C_C,C_C,C_C,T_T,T_T,A_A,G_G,T_T,A_A,C_T,C_T,A_G,G_G,C_C,G_G,C_C,C_C,C_C,A_A,G_G,G_T,C_T,A_A,A_C,T_T,A_C,T_T,C_C,G_G,A_G,C_T,G_G,G_G,C_C,A_A,G_T,T_T,A_A,C_T,G_G,C_T,G_T,C_C,T_T,T_T,G_G,C_C,G_G,C_C,C_T,G_G,A_A,T_T,A_A,T_T,G_G,T_T,C_C,C_C,C_C,T_T,C_T,C_C,G_G,T_T,A_G,G_G,C_G,G_G,G_G,C_T,G_G,G_T,A_G,G_T,A_A,G_G,G_G,G_T,C_T,G_G,C_T,G_T,T_T,C_C,G_G,A_G,A_G,G_G,T_T,T_T,C_G,C_C,C_T,G_G,C_T,A_G,C_T,C_C,C_C,C_G,C_T,T_T,T_T,C_C,G_G,G_G,C_C,C_G,C_C,C_C,G_G,C_C,T_T,C_C,A_A,C_C,C_C,C_C,G_G,G_G,C_C,A_A,C_C,A_G,G_T,G_G,A_G,C_C,C_C,G_T,A_A,A_C,G_T,G_G,C_G,A_A,G_G,C_T,G_G,A_G,A_G,T_T,A_A,T_T,C_T,T_T,G_G,G_G,T_T,T_T,G_G,C_C,C_C,C_C,G_G,A_G,C_C,A_G,C_T,A_A,A_A,A_A,G_G,G_G,C_T,A_G,A_G,T_T,T_T,A_A,A_G,C_C,A_A,C_C,T_T,T_T,G_G,G_G,G_G,A_G,G_G,C_T,A_G,C_C,C_T,A_G,C_C,T_T,C_C,A_G,G_G,C_T,C_C,A_C,A_A,C_C,T_T,A_A,A_G,A_A,A_A,C_C,A_G,G_G,G_T,C_T,A_G,A_A,C_C,A_G,C_C
NA10855,C_T,G_G,C_T,G_G,C_C,A_A,G_G,C_C,T_T,G_G,G_G,A_A,A_A,G_G,C_T,A_G,G_T,C_T,T_T,A_C,G_G,A_A,T_T,G_G,C_C,A_A,T_T,G_G,C_C,A_A,C_C,A_G,G_G,C_C,G_G,G_G,G_G,T_T,G_G,G_G,G_G,G_G,A_A,T_T,T_T,A_A,T_T,C_T,G_G,A_A,C_C,C_C,C_C,G_G,C_C,C_T,C_C,T_T,C_C,A_G,G_G,T_T,A_C,T_T,T_T,G_G,C_C,C_C,G_G,C_C,C_C,T_T,A_A,G_G,G_G,T_T,A_A,A_C,T_T,A_A,T_T,C_C,A_A,A_A,C_C,G_G,G_G,C_C,A_A,G_G,G_G,A_A,C_C,G_G,T_T,G_G,A_A,T_T,T_T,G_G,C_C,G_G,C_T,T_T,G_G,A_G,T_T,A_A,C_C,A_A,C_C,T_T,C_C,C_C,C_C,T_T,C_C,G_T,T_T,A_G,G_G,G_G,G_G,A_G,C_C,A_G,T_T,G_G,G_G,A_G,A_A,G_G,G_T,T_T,A_A,T_T,T_T,C_T,C_C,G_G,G_G,A_A,G_G,G_T,C_C,G_G,C_C,C_T,G_G,T_T,G_G,T_T,C_C,A_C,C_G,C_C,T_T,T_T,C_C,G_G,A_G,T_T,G_G,C_C,C_C,G_G,C_C,T_T,C_T,T_T,A_C,A_A,C_C,G_G,G_G,C_C,A_A,C_C,A_G,T_T,A_G,G_G,C_C,C_C,T_T,G_G,A_C,G_T,G_G,C_C,A_A,A_A,C_T,A_A,A_A,G_G,G_T,A_A,C_C,C_C,T_T,G_G,G_G,T_T,T_T,G_G,C_C,C_T,C_C,G_G,A_A,C_C,A_A,T_T,G_G,A_G,G_G,A_A,G_G,C_T,A_A,A_A,T_T,T_T,G_G,A_G,C_C,A_A,C_C,T_T,C_C,A_G,G_G,G_G,A_G,G_G,T_T,G_G,C_C,T_T,G_G,A_A,T_T,C_C,G_G,G_G,T_T,C_T,A_A,G_G,C_C,T_T,A_A,G_G,A_A,G_G,C_C,A_G,G_G,T_T,T_T,A_A,A_A,C_C,G_G,T_T
NA06994,C_C,G_G,T_T,A_G,C_C,A_G,G_G,C_C,G_T,A_G,G_G,A_A,A_A,A_G,T_T,A_A,T_T,T_T,T_T,C_C,G_G,A_G,T_T,G_G,C_C,A_A,T_T,G_G,C_C,A_A,A_C,A_G,G_G,G_G,G_G,G_G,G_G,T_T,G_G,G_G,A_G,G_G,A_A,T_T,T_T,A_A,T_T,C_C,G_G,A_G,C_C,C_C,C_C,G_G,C_C,C_T,C_C,T_T,C_C,G_G,G_G,T_T,A_C,C_T,T_T,A_A,C_C,C_C,G_G,C_C,C_T,T_T,A_A,A_G,G_G,T_T,A_A,C_C,T_T,A_A,T_T,C_C,A_G,A_A,C_C,G_G,A_G,C_C,A_A,G_T,G_T,A_A,C_C,G_G,T_T,G_G,A_A,T_T,T_T,A_A,C_C,G_G,C_T,C_C,G_G,A_A,T_T,A_A,C_C,A_G,C_T,T_T,C_C,C_C,C_C,T_T,C_C,G_G,T_T,A_A,G_G,G_G,G_G,A_G,C_T,A_A,T_T,G_G,G_T,A_G,A_A,A_G,G_T,T_T,A_A,C_T,T_T,T_T,C_C,G_G,G_G,A_A,G_G,G_T,C_C,C_G,C_T,C_C,G_G,T_T,G_G,T_T,C_C,C_C,G_G,C_C,T_T,T_T,C_T,G_G,A_A,T_T,G_G,C_C,C_C,G_G,C_C,T_T,C_T,T_T,C_C,A_A,C_C,G_G,G_G,C_C,A_G,C_C,G_G,G_T,A_G,A_G,C_C,C_C,T_T,G_G,A_C,T_T,G_G,C_C,A_A,A_A,C_C,A_G,A_A,G_G,G_G,A_A,C_C,C_C,T_T,G_G,G_G,T_T,T_T,A_G,C_C,C_T,C_C,G_G,A_G,C_C,A_G,T_T,A_G,A_A,G_G,A_A,G_G,C_T,G_G,A_G,T_T,C_C,A_G,G_G,C_C,A_A,C_C,T_T,C_C,A_A,G_T,A_G,A_G,G_G,T_T,G_G,C_T,T_T,G_G,A_A,C_T,C_C,G_G,G_G,T_T,T_T,A_C,G_G,C_C,C_T,A_G,G_G,A_A,A_G,C_C,A_G,G_G,G_T,C_T,A_G,A_A,C_C,G_G,C_T
NA17981,C_C,A_A,T_T,G_G,C_C,A_A,A_G,C_C,G_G,A_A,G_G,A_G,A_G,A_A,C_C,A_A,T_T,C_C,T_T,A_C,A_G,A_G,C_T,G_G,C_G,A_A,C_T,A_G,C_T,A_A,A_C,G_G,G_G,G_G,A_G,G_G,G_G,T_T,G_G,G_G,A_A,G_G,A_G,T_T,C_C,A_G,C_C,C_C,A_G,A_A,C_C,C_T,C_C,G_G,C_C,C_C,T_T,T_T,C_T,G_G,G_G,T_T,A_A,C_C,C_C,G_G,C_C,T_T,C_C,C_C,C_C,C_T,G_G,A_G,G_G,T_T,A_A,C_C,G_G,A_A,C_T,C_C,A_G,A_A,C_T,A_A,G_G,C_C,A_A,G_G,T_T,G_G,C_C,G_G,T_T,G_G,A_A,T_T,T_T,A_A,C_C,G_G,T_T,T_T,G_G,G_G,T_T,A_A,C_C,G_G,C_T,C_C,C_C,T_T,C_T,C_T,C_C,G_G,T_T,A_A,G_G,G_G,A_G,A_G,T_T,A_A,G_T,G_G,G_G,G_G,G_G,A_G,G_G,C_T,A_A,T_T,T_T,T_T,C_C,C_G,A_G,A_A,A_G,T_T,C_T,C_G,C_C,C_T,T_T,C_T,A_G,T_T,C_C,A_A,C_G,T_T,C_C,C_T,C_C,G_G,A_G,T_T,C_G,C_T,C_G,A_A,C_C,T_T,C_C,T_T,C_C,A_C,C_C,G_G,G_G,C_C,A_A,C_C,G_G,T_T,A_G,G_G,C_T,T_T,G_T,G_G,A_A,G_G,A_G,C_C,A_A,A_G,C_C,G_G,A_A,A_A,G_T,A_C,T_T,C_C,C_T,A_G,G_G,C_T,C_C,G_G,A_C,C_C,T_T,G_G,A_A,C_C,A_A,T_T,A_G,G_G,A_G,A_A,G_G,T_T,G_G,A_A,T_T,C_T,A_A,G_G,C_C,A_G,C_T,C_C,C_T,A_G,T_T,A_G,A_G,G_G,T_T,A_A,C_C,T_T,A_G,A_C,C_C,A_C,A_G,G_G,T_T,C_C,A_C,A_A,C_C,C_T,A_A,G_G,A_A,G_G,C_C,G_G,A_G,G_G,C_C,A_A,A_A,C_C,G_G,T_T
NA17993,C_C,G_G,T_T,G_G,C_C,A_A,G_G,C_T,G_T,A_A,G_G,A_A,A_G,A_A,C_C,G_G,G_T,C_C,T_T,C_C,G_G,G_G,C_T,G_G,C_C,A_G,C_T,G_G,C_T,A_A,C_C,G_G,G_G,G_G,A_G,G_G,A_G,T_T,G_G,G_G,A_A,G_G,A_A,C_C,C_C,A_A,C_C,T_T,A_G,A_A,C_C,C_C,C_C,G_G,C_T,C_C,C_T,T_T,T_T,G_G,G_G,T_T,A_A,C_C,C_T,G_G,C_C,C_C,G_G,C_T,C_C,T_T,A_G,A_G,G_G,T_T,A_G,C_C,G_G,A_A,C_T,C_C,A_A,A_A,C_C,A_G,G_G,C_C,A_A,G_G,G_T,G_G,C_C,G_G,T_T,G_T,A_A,T_T,C_C,A_A,C_C,G_G,C_T,C_T,C_C,G_G,C_C,A_A,C_C,G_G,C_C,C_C,A_A,C_T,C_C,T_T,C_C,G_T,T_T,A_A,G_G,G_G,G_G,A_A,T_T,A_G,G_G,G_G,G_T,A_G,A_G,G_G,G_G,C_T,A_A,T_T,T_T,C_T,C_C,G_G,A_G,A_A,A_G,T_T,C_C,C_G,C_C,T_T,G_T,C_C,A_G,C_T,C_C,A_A,C_C,C_T,C_T,T_T,C_C,G_G,G_G,T_T,C_C,T_T,G_G,A_G,C_T,T_T,C_C,T_T,C_C,C_C,C_C,G_G,G_G,A_C,A_G,C_C,G_G,T_T,A_G,G_G,T_T,C_T,G_G,G_G,C_C,G_G,G_G,C_C,A_A,A_A,C_C,G_G,A_A,A_A,T_T,A_A,C_T,C_C,C_C,A_A,A_G,C_T,C_C,G_G,C_C,C_T,C_T,G_G,G_G,C_C,G_G,T_T,A_A,A_G,A_G,A_A,G_G,T_T,A_G,A_A,T_T,T_T,A_A,G_G,C_C,A_G,C_T,C_T,C_C,G_G,T_T,A_A,A_G,A_A,T_T,G_G,C_C,T_T,G_G,A_A,C_C,C_C,G_G,G_G,T_T,C_C,A_C,A_G,C_C,C_C,A_A,A_G,A_A,G_G,C_C,G_G,A_G,G_T,C_C,A_A,A_A,C_C,G_G,T_T
NA21104,C_C,G_G,C_C,G_G,C_C,A_G,A_G,C_T,G_T,A_A,G_G,A_A,A_G,A_A,C_T,A_A,G_T,C_C,T_T,C_C,G_G,G_G,T_T,G_G,C_C,A_A,T_T,G_G,T_T,A_G,C_C,G_G,G_G,C_C,A_G,G_G,G_G,G_T,G_G,G_G,A_G,G_G,A_A,T_T,C_C,A_A,C_C,C_C,G_G,A_G,C_C,C_C,C_C,G_G,C_C,C_T,C_C,T_T,C_C,G_G,A_G,T_T,A_A,C_T,T_T,A_A,C_C,C_C,G_G,C_C,C_C,C_T,G_G,A_G,G_G,C_T,A_A,C_C,T_T,A_A,T_T,C_C,A_G,A_A,C_C,A_G,G_G,C_C,A_A,G_T,G_T,A_A,C_C,G_G,T_T,G_G,A_A,T_T,T_T,G_G,C_C,G_G,C_T,T_T,C_G,A_G,T_T,A_A,C_C,G_G,C_C,C_T,C_C,C_T,C_C,T_T,C_C,G_G,T_T,A_A,A_G,C_C,G_G,A_G,C_C,A_A,G_T,G_G,T_T,A_G,A_G,A_G,G_G,C_C,A_A,C_T,T_T,T_T,C_C,C_G,A_G,A_A,A_G,T_T,C_C,G_G,C_C,C_T,G_T,C_C,A_A,C_C,C_C,A_A,G_G,C_T,C_T,T_T,C_C,G_G,G_G,T_T,G_G,C_C,C_C,A_G,C_T,T_T,C_C,A_T,C_C,A_A,C_C,G_G,A_G,C_C,A_G,C_T,A_G,T_T,A_A,G_G,C_C,T_T,T_T,G_G,A_A,G_G,A_G,C_C,A_A,A_A,C_C,G_G,A_A,G_G,T_T,A_A,C_T,C_C,T_T,G_G,A_G,C_T,C_T,G_G,A_C,T_T,C_T,G_G,A_G,C_C,A_A,T_T,G_G,A_G,A_A,A_A,G_G,C_T,A_G,A_G,G_T,T_T,A_A,G_G,C_T,A_G,C_C,T_T,C_C,G_G,G_T,A_A,A_G,G_G,T_T,G_G,C_C,T_T,G_G,A_A,C_T,A_A,G_G,G_G,T_T,C_C,C_C,A_G,C_C,T_T,G_G,G_G,C_C,G_G,C_T,A_G,G_G,G_G,C_C,A_A,A_A,C_C,G_G,T_T
NA20907,C_T,G_G,C_T,G_G,C_G,A_A,G_G,C_C,G_T,A_A,G_G,A_G,A_A,A_A,C_T,A_A,T_T,C_T,T_T,C_C,G_G,A_G,T_T,G_G,C_G,A_A,C_T,G_G,C_T,A_G,A_C,G_G,A_G,C_G,A_G,G_G,G_G,T_T,G_G,G_G,A_G,G_G,A_A,T_T,C_C,A_A,C_C,C_C,G_G,G_G,C_C,C_T,C_C,G_G,C_C,C_C,C_C,T_T,C_C,A_G,G_G,T_T,A_A,T_T,T_T,A_G,C_C,C_C,G_G,C_C,C_C,C_T,A_G,A_A,G_G,C_C,A_A,A_A,T_T,A_A,C_C,C_C,A_G,A_A,C_C,G_G,G_G,C_C,A_A,G_G,G_T,A_A,C_C,G_G,T_T,G_G,A_C,T_T,T_T,A_G,C_C,G_G,C_T,T_T,G_G,A_G,T_T,A_A,C_C,G_G,C_T,T_T,C_C,C_C,C_T,T_T,C_C,G_G,T_T,A_G,A_G,C_G,G_G,G_G,C_T,A_G,T_T,A_G,T_T,G_G,A_A,A_G,G_T,C_T,A_A,T_T,T_T,T_T,C_C,G_G,A_G,A_A,A_G,T_T,C_C,C_G,C_C,C_C,G_G,C_T,A_G,T_T,C_C,A_C,C_C,C_C,T_T,C_T,C_C,G_G,G_G,T_T,G_G,C_C,C_C,G_G,C_C,C_T,C_C,A_T,C_C,A_A,C_C,G_G,G_G,C_C,A_G,C_C,G_G,T_T,A_G,G_G,C_C,T_T,T_T,G_G,A_A,G_G,A_G,C_C,A_A,A_G,C_T,A_G,A_G,G_G,G_T,A_A,C_T,C_C,T_T,G_G,A_G,C_T,C_C,G_G,A_C,T_T,T_T,G_G,A_G,C_C,A_A,T_T,G_G,G_G,A_G,A_A,G_G,C_T,G_G,A_A,G_T,T_T,A_A,G_G,T_T,A_A,C_T,T_T,C_C,G_G,G_G,A_G,A_G,G_G,T_T,A_G,C_C,T_T,G_G,C_C,C_T,A_C,G_G,G_G,T_T,C_C,A_C,A_G,C_C,T_T,A_A,G_G,C_C,A_G,C_C,A_G,G_G,G_T,C_C,A_A,A_A,C_C,G_G,T_T
NA19661,C_T,A_G,C_T,A_G,C_C,A_A,A_G,C_C,G_T,A_G,A_G,G_G,A_A,A_A,C_T,G_G,T_T,T_T,T_T,A_C,G_G,G_G,C_T,G_G,G_G,A_A,C_T,G_G,C_C,A_A,A_A,G_G,G_G,C_G,A_G,G_G,A_G,T_T,G_G,A_G,A_A,G_G,A_A,T_T,C_T,A_A,C_T,C_C,A_G,A_A,C_T,C_C,C_T,G_G,C_T,C_C,C_C,T_T,C_C,A_G,A_G,T_T,A_A,C_T,T_T,A_A,C_G,C_C,G_G,C_C,C_C,C_T,G_G,G_G,G_G,T_T,A_A,C_C,T_T,A_A,T_T,C_C,A_G,A_G,C_C,A_G,G_G,T_T,A_A,G_T,G_G,A_A,C_C,G_G,T_T,G_T,A_C,T_T,T_T,G_G,C_C,A_G,C_T,C_T,G_G,A_A,C_T,A_A,C_C,G_G,T_T,C_T,C_C,C_T,C_T,T_T,C_C,G_G,T_T,A_A,G_G,G_G,G_G,G_G,C_T,A_G,G_T,A_G,T_T,A_A,A_G,G_G,G_T,C_T,A_A,T_T,T_T,C_T,C_C,G_G,G_G,A_A,A_G,G_T,C_C,C_C,C_T,C_T,G_T,C_T,A_G,T_T,C_C,A_C,C_G,C_T,C_T,T_T,C_T,G_G,A_G,T_T,G_G,C_C,C_C,A_G,C_C,T_T,C_C,T_T,A_C,A_A,C_G,G_G,A_G,A_C,A_G,C_T,G_G,T_T,A_G,G_G,C_C,C_T,G_T,G_G,A_A,G_T,G_G,C_G,A_A,A_G,C_C,A_A,A_A,A_G,G_T,A_A,C_T,C_C,T_T,G_G,G_G,T_T,T_T,G_G,C_C,T_T,C_C,A_G,G_G,C_C,A_A,T_T,G_G,G_G,A_G,A_A,G_G,C_T,G_G,A_A,T_T,C_T,A_A,A_G,C_C,G_G,C_C,C_C,C_C,A_G,T_T,A_G,A_A,G_G,T_T,G_G,C_C,T_T,G_G,C_C,T_T,C_C,A_G,G_G,T_T,C_T,A_C,G_G,C_C,C_T,A_G,G_G,A_A,G_G,C_C,G_G,G_G,G_T,C_T,A_A,A_A,C_C,G_G,C_C
NA19682,C_C,A_G,C_T,G_G,G_G,A_A,A_G,C_C,G_T,A_G,A_G,G_G,A_A,A_G,C_C,G_G,T_T,C_T,G_T,A_A,G_G,G_G,C_T,A_A,C_C,A_A,T_T,G_G,C_C,A_A,A_C,G_G,G_G,C_C,A_G,G_G,G_G,T_T,G_G,G_G,G_G,G_G,A_A,C_T,C_C,A_A,C_C,C_C,A_G,A_A,C_C,C_C,C_T,G_G,C_T,C_C,C_C,T_T,T_T,G_G,G_G,T_T,A_A,T_T,T_T,A_G,C_C,C_C,G_G,C_C,C_T,C_T,A_A,G_G,G_T,T_T,A_A,C_C,T_T,A_A,T_T,C_C,A_A,A_G,C_C,G_G,G_G,C_T,A_A,G_G,G_T,A_A,C_T,G_G,T_T,G_T,A_C,T_T,T_T,A_G,C_C,A_G,C_T,C_C,G_G,A_A,T_T,A_A,C_C,G_G,T_T,C_C,C_C,C_C,C_T,C_T,C_C,G_G,T_T,A_A,G_G,G_G,G_G,G_G,C_C,A_G,G_T,A_G,G_T,A_A,A_G,A_G,G_T,T_T,A_A,T_T,T_T,C_T,C_C,C_G,G_G,A_A,A_G,T_T,C_C,C_C,C_C,C_T,G_G,C_T,A_G,T_T,C_C,A_C,C_G,C_C,T_T,T_T,C_C,G_G,G_G,T_T,G_G,C_C,C_C,A_G,C_C,T_T,C_C,T_T,C_C,C_C,C_G,G_G,A_G,A_C,A_G,T_T,A_G,T_T,G_G,G_G,C_C,C_C,G_T,G_G,A_C,G_G,G_G,C_G,A_A,A_G,C_C,A_G,A_G,A_G,G_T,A_A,C_T,C_T,T_T,G_G,G_G,T_T,C_T,G_G,C_C,C_C,C_C,G_G,A_G,C_C,A_A,T_T,A_G,A_G,A_G,A_A,A_G,T_T,A_A,A_A,T_T,C_T,A_A,A_G,C_C,A_A,C_C,T_T,C_C,G_G,G_T,A_G,A_A,A_G,T_T,A_G,C_C,T_T,G_G,A_A,C_T,C_C,G_G,G_G,T_T,C_C,A_A,A_G,C_C,C_C,A_G,A_G,A_C,G_G,C_T,A_A,G_G,G_T,C_T,A_A,A_A,C_C,G_G,T_T
