Sample_ID,rs1000647,rs10022017,rs10028900,rs10137272,rs10140504,rs10198116,rs10204491,rs10205050,rs10237182,rs1031567,rs1037041,rs1039027,rs1042712,rs10428090,rs10429529,rs10454039,rs10461322,rs10487094,rs10487999,rs10492377,rs10492940,rs10498587,rs10501858,rs10513545,rs1051388,rs1067344,rs10748260,rs10754901,rs10764918,rs1077052,rs10785426,rs10799032,rs10818338,rs10819101,rs10825916,rs10828213,rs10832430,rs10836370,rs10847881,rs10864120,rs10864504,rs10867230,rs10872503,rs10873649,rs10890311,rs10895512,rs10907175,rs10910061,rs10910097,rs10915424,rs10915430,rs10916790,rs10932521,rs10937252,rs10971164,rs10992623,rs11018181,rs11060955,rs11084467,rs11102559,rs11121090,rs11125815,rs11155161,rs1123571,rs11257434,rs11260562,rs11260568,rs11265070,rs11466673,rs11544855,rs11564096,rs11573205,rs11581548,rs11584036,rs11584727,rs11603486,rs11654128,rs11688448,rs11702338,rs11711134,rs11718932,rs11735775,rs11769723,rs11805412,rs11807706,rs11807848,rs11807931,rs11808336,rs11808981,rs11823218,rs11828501,rs11836193,rs11943281,rs11963526,rs11975980,rs11980955,rs12005198,rs12025026,rs12033324,rs12039907,rs12040683,rs1204826,rs12058761,rs12067378,rs12071761,rs12074249,rs12079672,rs12086132,rs12090228,rs12093951,rs12097782,rs12122894,rs12124406,rs12124819,rs12135523,rs12136407,rs12141832,rs12142199,rs12191383,rs12191877,rs12191891,rs12204275,rs12276848,rs12305915,rs123187,rs1233320,rs12405691,rs12408533,rs12409852,rs1241988,rs12463789,rs12478385,rs12487340,rs12502827,rs12561320,rs1258010,rs12614459,rs12620050,rs12630974,rs12701555,rs12757754,rs12758773,rs12885391,rs12897140,rs13081915,rs13087319,rs13137543,rs13236792,rs1333190,rs13389290,rs13403738,rs13414905,rs1353341,rs1356946,rs1364519,rs1374808,rs1389583,rs1393117,rs1404315,rs1404756,rs1407893,rs1409968,rs1416801,rs1417592,rs1420676,rs1427150,rs1443670,rs1446750,rs1459157,rs1523794,rs1534110,rs1536084,rs1546260,rs1601745,rs1607345,rs1679012,rs16824722,rs16838604,rs16840287,rs16848617,rs16849099,rs16853407,rs16853992,rs16855615,rs16855847,rs16862376,rs16862821,rs16866638,rs16900601,rs16901558,rs16910077,rs16949551,rs16972211,rs17007536,rs17027039,rs17030159,rs17030353,rs17038427,rs17042596,rs17044602,rs17048953,rs17089059,rs17104047,rs17108678,rs1713712,rs17139871,rs17144015,rs17160698,rs17160975,rs17171218,rs17210010,rs1725501,rs17301591,rs17376559,rs1739855,rs17404600,rs17450822,rs17532826,rs17595719,rs17646556,rs17729838,rs17741623,rs1776037,rs17786140,rs17796342,rs1793891,rs1798246,rs1815606,rs1834640,rs1901747,rs1935648,rs1942518,rs1956593,rs1982394,rs199138,rs1995209,rs1995236,rs2023637,rs2025319,rs2034357,rs2040435,rs2057969,rs2064662,rs2071958,rs2082331,rs212989,rs2147905,rs2153900,rs2180698,rs2182160,rs218336,rs2185886,rs218892,rs2191430,rs2227282,rs2227914,rs2230233,rs2234167,rs2237059,rs2240099,rs2267270,rs2270013,rs2272634,rs2287198,rs2298217,rs2298223,rs2309582,rs2325037,rs2370791,rs2373262,rs2377417,rs2378559,rs2388044,rs242050,rs242058,rs2459994,rs2476949,rs2477703,rs2477707,rs2493314,rs2494640,rs2500297,rs2535340,rs2562831,rs2624459,rs2658083,rs2672609,rs2693958,rs2753922,rs2758735,rs2794320,rs2808651,rs2815617,rs2817178,rs2821059,rs28391282,rs2839509,rs2839657,rs2842909,rs28464695,rs28495286,rs28499371,rs2905036,rs2913276,rs2951787,rs2982364,rs3017627,rs3039743,rs309143,rs309154,rs309161,rs309172,rs309331,rs3106146,rs3107145,rs3128117,rs3128342,rs3128689,rs316598,rs316671,rs34052864,rs34065840,rs345981,rs349558,rs354742,rs36044796,rs367645,rs3737718,rs3749388,rs3761364,rs3789052,rs3790221,rs3795521,rs3795845,rs3813199,rs3817958,rs3845293,rs385521,rs388401,rs3935892,rs404499,rs4130091,rs4142753,rs41513050,rs417252,rs422584,rs4235448,rs4242609,rs4245542,rs4245756,rs427811,rs4344559,rs4366501,rs4513668,rs4605270,rs4648501,rs4648524,rs4648764,rs4654607,rs4683973,rs4699030,rs4732511,rs4787040,rs4815694,rs4819836,rs4841471,rs4845735,rs4845820,rs4847372,rs4851391,rs485618,rs4878051,rs4887382,rs4894197,rs4909055,rs4926853,rs4928007,rs4946158,rs4954207,rs4987672,rs525448,rs532885,rs542634,rs542650,rs542727,rs544870,rs552006,rs5770567,rs589870,rs5999984,rs6007462,rs6067491,rs6099216,rs6119337,rs615739,rs616317,rs619345,rs641347,rs6419478,rs6422427,rs6426370,rs6427184,rs6430594,rs6436964,rs6446241,rs6456890,rs6466823,rs6477310,rs6547187,rs6558059,rs6591090,rs6595775,rs6657290,rs6659655,rs6660514,rs6665912,rs6667248,rs6668399,rs6671001,rs6682184,rs6684149,rs6685066,rs6687835,rs6690311,rs6691985,rs6694982,rs6696281,rs6700924,rs6731365,rs6734110,rs6734731,rs6742013,rs6755409,rs6759948,rs6770324,rs6778401,rs6779590,rs6785796,rs6800015,rs6807580,rs6848616,rs6854417,rs6854453,rs6854489,rs6882064,rs6932992,rs6944302,rs6967965,rs699486,rs7010482,rs7010861,rs7017705,rs7039873,rs714816,rs7155859,rs7169337,rs7177754,rs7185017,rs7206635,rs7284910,rs7295341,rs7316060,rs7390989,rs7446054,rs748596,rs7512269,rs7514979,rs7515087,rs7520934,rs752965,rs7531583,rs7534387,rs7534913,rs7536226,rs7536376,rs7538397,rs7573555,rs7589010,rs7590763,rs7596776,rs7600669,rs7605229,rs7649861,rs7669018,rs7674434,rs7686272,rs7700264,rs771307,rs7728894,rs7730689,rs7739132,rs7741503,rs7753502,rs7783639,rs7914354,rs7923866,rs7946936,rs8027920,rs8028686,rs803137,rs8035628,rs8041403,rs8042942,rs8051251,rs8052388,rs8064,rs8075137,rs816060,rs8191431,rs824602,rs842361,rs852619,rs870171,rs875060,rs880724,rs881247,rs8892,rs897620,rs903903,rs925192,rs9290610,rs9290877,rs9331225,rs935073,rs9376452,rs9400909,rs9415758,rs9421731,rs9434795,rs9442619,rs9486141,rs950220,rs9575364,rs9583470,rs9597104,rs9619574,rs9650996,rs965494,rs9659669,rs9660710,rs967094,rs968365,rs9697358,rs9782908,rs9788651,rs9789429,rs9803031,rs9851767,rs9953932,rs9958746,rs9970652,rs9975332,rs9988744
Strand,-,-,-,-,-,-,-,-,-,-,-,-,-,-,-,-,-,-,-,-,-,-,-,-,-,-,-,-,-,-,-,-,-,-,-,-,-,-,-,-,-,-,-,-,-,-,-,-,-,-,-,-,-,-,-,-,-,-,-,-,-,-,-,-,-,-,-,-,-,-,-,-,-,-,-,-,-,-,-,-,-,-,-,-,-,-,-,-,-,-,-,-,-,-,-,-,-,-,-,-,-,-,-,-,-,-,-,-,-,-,-,-,-,-,-,-,-,-,-,-,-,-,-,-,-,+,-,-,-,-,-,-,-,-,-,-,-,-,-,-,-,-,-,-,-,-,-,-,-,-,-,-,-,-,-,-,-,-,-,-,-,-,-,-,-,-,-,-,-,-,-,-,-,-,-,-,-,-,-,-,-,-,-,-,-,-,-,-,-,-,-,-,-,-,-,-,-,-,-,-,-,-,-,-,-,-,-,-,-,-,-,-,-,-,-,-,-,-,-,-,-,-,-,-,-,-,-,-,-,-,-,-,-,-,-,-,-,-,-,-,-,-,-,-,-,-,-,-,-,-,-,-,-,-,+,-,-,+,-,-,-,-,-,-,-,-,-,-,-,-,-,-,-,-,-,-,-,-,-,-,+,-,-,-,-,-,-,-,-,-,-,-,-,-,-,-,-,-,-,-,-,-,-,-,-,-,-,-,-,-,-,-,-,-,-,-,-,-,-,-,-,-,-,-,-,-,-,-,-,-,-,-,-,-,-,-,-,-,-,-,+,-,-,-,-,-,-,-,-,-,-,-,-,-,-,-,-,-,-,-,-,-,-,-,-,-,-,-,-,-,-,-,-,-,-,-,-,-,-,-,-,-,-,-,-,-,-,-,-,-,-,-,-,-,-,-,-,-,-,-,-,-,-,-,-,-,-,-,-,-,-,-,+,-,-,-,-,-,-,-,-,-,-,-,-,-,-,-,-,-,-,-,-,-,-,-,-,-,-,-,-,-,-,-,-,-,-,-,-,-,-,-,-,-,-,-,-,-,-,-,-,-,-,-,-,-,-,-,+,-,-,-,-,-,-,-,-,-,-,-,-,-,-,-,-,-,+,-,-,-,-,-,-,-,-,-,-,-,-,-,-,-,-,-,-,+,+,-,-,-,-,-,-,-,-,-,-,-,-,-,-,-,-,-,-,-,-,+,-,-,-,-,-,-,-,-,-,-,-,-,-,-,-,-,-,-,-,-,-,-,-,-,-
NA19028,T_T,G_G,A_A,T_T,C_C,C_T,T_T,A_A,C_C,C_C,C_T,C_C,C_G,C_C,A_G,G_G,A_A,C_C,C_C,T_T,G_G,C_C,C_C,C_C,T_T,C_C,A_A,A_G,G_G,A_A,A_G,A_A,C_C,A_A,A_C,A_A,C_T,A_A,T_T,C_G,C_C,G_G,C_C,T_T,A_G,G_G,T_T,C_C,G_G,C_C,G_G,A_G,T_T,T_T,G_G,A_A,G_G,G_G,A_A,A_G,A_G,C_C,A_A,C_C,T_T,C_C,C_C,T_T,G_G,A_A,A_A,C_C,C_C,C_C,T_T,A_A,C_C,C_T,G_G,T_T,C_T,A_A,G_G,G_G,T_T,A_G,A_A,A_G,A_A,G_G,C_C,G_G,C_C,T_T,A_A,C_C,T_T,C_T,G_G,T_T,A_A,C_C,A_A,A_G,C_T,G_T,C_T,A_C,C_T,G_G,G_G,C_C,C_G,T_T,T_T,A_A,A_A,C_C,T_T,A_G,A_G,A_A,C_T,C_T,C_T,G_G,C_T,T_T,T_T,A_A,A_A,A_A,A_G,C_C,T_T,C_T,A_A,C_T,C_C,C_C,T_T,T_T,C_T,C_G,A_A,C_C,T_T,A_A,A_A,A_G,C_C,A_A,C_C,A_A,T_T,T_T,A_C,T_T,C_C,A_C,C_C,T_T,G_G,C_T,G_G,A_A,C_C,C_C,G_G,A_A,A_G,A_T,A_G,C_T,C_T,G_G,G_G,G_G,A_G,T_T,G_G,G_G,T_T,C_C,C_C,A_G,A_A,T_T,C_C,A_A,T_T,T_T,C_C,T_T,C_C,T_T,T_T,A_A,T_T,C_C,A_G,G_G,C_T,C_C,G_G,A_A,C_T,A_A,C_C,G_G,C_T,A_A,G_G,C_C,G_G,A_G,C_C,C_T,A_A,A_A,C_C,A_G,A_G,C_T,G_G,A_G,G_T,A_A,C_C,G_G,G_G,T_T,A_A,G_G,C_T,A_A,T_T,G_G,C_T,C_C,A_A,A_A,C_C,G_G,A_A,C_T,G_G,C_C,A_G,C_G,A_G,G_G,G_G,G_G,G_G,A_A,A_G,A_G,A_A,A_C,C_C,T_T,G_G,C_C,G_G,G_G,C_C,C_T,A_C,A_G,C_C,A_G,A_A,C_C,G_G,G_G,T_T,A_A,A_G,C_C,C_G,A_A,A_A,A_A,G_G,G_G,G_G,A_A,C_C,C_T,C_T,A_G,A_G,G_G,G_G,C_C,C_T,A_A,G_G,A_A,C_C,G_G,A_A,C_C,C_C,G_G,G_G,G_G,C_T,A_G,C_T,C_T,A_G,T_T,T_T,A_A,T_T,T_T,G_G,T_T,G_G,A_C,T_T,T_T,T_T,G_T,T_T,T_T,G_G,G_G,G_G,T_T,G_G,A_A,C_C,A_A,T_T,C_T,C_G,G_G,T_T,G_G,T_T,C_C,G_G,C_T,G_G,C_C,G_G,G_G,A_A,C_T,A_A,A_A,A_A,T_T,A_C,A_A,A_G,A_G,G_G,G_G,T_T,C_C,T_T,T_T,C_T,T_T,T_T,C_G,A_G,A_A,A_G,C_T,C_C,T_T,C_C,C_C,T_T,A_A,T_T,A_A,C_C,G_G,T_T,C_T,T_T,A_G,A_G,C_C,T_T,C_T,G_G,C_C,T_T,G_G,G_G,A_G,A_A,G_G,A_A,T_T,C_T,A_G,C_C,A_A,A_A,A_A,C_C,A_A,T_T,T_T,G_G,C_T,G_G,A_A,C_T,C_T,G_G,C_T,G_G,C_C,G_G,C_T,A_G,T_T,A_G,C_C,T_T,A_A,C_T,A_G,C_G,C_C,C_T,C_T,C_C,A_A,A_A,C_T,T_T,A_G,G_G,G_G,A_G,C_C,G_G,A_A,C_C,T_T,T_T,A_A,A_G,C_C,A_A,G_G,C_T,A_G,T_T,G_G,T_T,G_G,T_T,A_A,C_C,G_G,G_G,A_A,C_C,A_G,C_C,A_G,C_C,G_G,A_A,G_G,A_G,A_A,A_G,C_C,T_T,A_G,T_T,A_A,A_A,A_A,C_G,T_T,T_T,T_T,C_C,C_C,A_A,T_T,T_T,G_G,A_A,C_T,A_A,C_C,C_C,C_C,G_G,T_T,G_G,G_G,G_G,T_T,G_G,A_A,C_C,G_G,C_C,T_T,G_G,C_T,C_T,C_C,T_T,A_G,A_A,A_A,G_G,C_C,A_G,T_T,C_T,C_C,G_G,G_G,A_A,G_G,A_A,T_T,C_C,C_C,C_C,G_G,C_T,G_G,T_T,C_T,T_T,G_G,A_A,C_C,G_G,C_T,C_C,A_A,G_G,A_A,G_G
NA19031,T_T,A_G,A_A,T_T,C_C,C_C,C_T,A_A,C_C,C_C,C_C,C_C,C_G,C_C,G_G,G_G,A_C,C_T,C_T,T_T,G_G,C_C,C_C,C_T,C_T,C_C,A_G,A_A,G_G,A_A,A_G,A_A,C_C,A_G,A_C,A_C,C_C,A_A,C_T,C_C,C_C,G_G,T_T,C_C,G_G,G_G,T_T,C_C,A_G,T_T,G_G,A_G,T_T,T_T,G_G,A_A,A_G,G_G,A_A,A_G,A_G,C_C,A_A,C_T,T_T,C_C,C_C,T_T,G_G,A_G,A_A,C_C,C_C,C_C,T_T,A_G,C_T,C_T,A_G,C_T,C_T,A_A,G_G,G_G,T_T,A_A,A_A,G_G,A_A,G_G,C_C,A_G,A_C,T_T,A_A,C_C,T_T,T_T,G_G,T_T,A_A,C_C,A_A,A_G,C_C,G_G,C_T,A_C,T_T,G_G,G_G,C_C,C_C,T_T,T_T,A_A,A_A,C_C,T_T,G_G,G_G,A_A,C_C,C_T,T_T,G_G,T_T,T_T,T_T,A_A,A_A,A_A,A_A,C_T,T_T,T_T,A_G,C_C,C_C,C_T,T_T,T_T,C_T,C_G,A_A,C_T,T_T,A_A,A_G,A_G,A_C,A_A,T_T,A_A,C_T,T_T,A_A,T_T,C_C,C_C,T_T,T_T,G_G,C_C,G_G,A_A,C_T,C_T,G_G,A_G,A_G,A_T,A_G,C_T,T_T,G_G,C_G,G_G,A_G,T_T,G_G,G_G,T_T,C_C,C_C,G_G,A_A,T_T,T_T,A_G,T_T,T_T,C_C,T_T,C_C,T_T,T_T,A_A,T_T,C_C,A_G,G_G,C_T,C_C,A_G,A_A,C_C,A_A,A_C,G_G,C_T,A_A,G_G,C_T,G_G,G_G,C_T,C_C,A_A,A_G,C_C,A_G,G_G,C_T,A_G,G_G,T_T,A_A,C_C,G_G,G_G,T_T,A_A,G_G,T_T,A_C,C_T,G_G,C_T,C_C,A_G,A_A,C_C,G_G,A_A,C_C,G_G,C_C,G_G,C_C,A_A,A_G,G_G,G_G,G_G,A_G,A_A,A_G,A_A,C_C,C_C,T_T,A_A,C_C,G_G,G_G,C_C,T_T,A_A,A_A,C_C,G_G,A_A,C_C,G_G,G_G,T_T,A_G,G_G,C_C,G_G,A_A,A_A,A_A,G_G,A_G,G_G,G_G,C_C,T_T,C_T,G_G,A_G,G_G,G_G,C_C,C_T,A_A,G_G,A_G,C_C,G_G,A_A,C_C,C_C,G_G,G_G,G_G,C_T,A_G,C_T,C_T,A_G,T_T,T_T,G_G,T_T,T_T,G_G,G_T,A_G,A_A,T_T,T_T,C_T,G_T,T_T,T_T,G_G,G_G,G_G,T_T,G_G,A_A,C_C,A_A,G_T,C_T,C_G,G_T,A_T,A_A,T_T,C_C,G_G,C_T,A_G,C_C,G_G,G_G,A_A,C_T,A_G,A_A,A_G,C_C,A_A,A_A,A_G,G_G,C_G,G_G,A_T,C_C,C_T,T_T,T_T,C_C,T_T,C_G,A_G,A_A,A_A,C_C,C_C,T_T,C_T,C_T,T_T,A_G,C_T,A_A,C_C,G_G,T_T,C_C,T_T,A_G,G_G,G_G,T_T,T_T,G_G,C_T,T_T,G_G,G_G,A_A,A_A,G_G,A_A,T_T,C_T,A_G,C_C,A_A,A_A,A_G,T_T,A_G,T_T,T_T,C_C,C_C,G_G,A_A,T_T,C_T,A_G,C_C,A_G,C_C,G_G,C_C,G_G,T_T,A_G,C_C,T_T,A_A,C_T,A_G,G_G,C_C,C_C,C_T,C_C,A_A,A_A,C_C,T_T,G_G,G_G,G_G,G_G,C_T,G_G,A_A,C_C,T_T,T_T,A_G,G_G,C_C,A_A,G_G,T_T,A_G,T_T,G_G,T_T,G_G,T_T,A_G,A_C,G_G,A_A,A_A,A_A,G_G,C_T,G_G,C_T,G_G,A_A,G_G,A_G,A_A,A_A,C_C,T_T,A_G,C_T,A_G,A_C,A_A,C_G,T_T,T_T,T_T,C_G,C_C,A_A,T_T,T_T,G_G,A_A,C_T,A_A,C_C,C_T,C_C,G_G,T_T,G_G,G_G,G_G,T_T,A_G,A_A,G_G,A_G,A_C,C_T,G_G,C_T,C_C,C_C,T_T,A_A,A_A,A_A,G_G,C_T,G_G,C_T,T_T,C_C,G_G,G_G,A_A,G_T,A_A,T_T,C_C,C_T,C_C,A_G,C_T,G_T,C_C,C_C,T_T,G_G,A_A,T_T,G_G,T_T,C_C,A_G,G_G,A_A,A_G
NA19035,T_T,G_G,A_C,T_T,C_C,C_T,T_T,A_A,C_G,C_C,T_T,C_C,C_C,C_C,G_G,G_G,A_A,C_C,C_C,T_T,G_G,C_C,C_C,C_C,T_T,C_C,A_A,A_A,A_G,G_G,A_A,A_A,C_C,A_A,A_C,A_C,C_C,A_G,T_T,G_G,C_C,G_T,C_C,C_T,G_G,G_G,G_T,T_T,G_G,C_T,G_G,A_A,T_T,T_T,G_G,G_G,A_G,G_G,A_A,A_G,G_G,C_C,A_A,C_C,T_T,C_C,C_C,T_T,G_G,A_A,A_A,C_C,C_C,C_T,C_T,A_A,C_C,C_T,A_G,T_T,C_T,A_A,G_G,A_G,C_T,A_A,A_A,G_G,A_A,G_G,C_C,A_A,C_C,C_T,A_A,C_C,T_T,C_T,G_G,T_T,A_A,C_C,A_G,A_G,T_T,G_G,C_T,A_A,C_T,G_G,G_G,C_C,C_G,T_T,T_T,A_A,A_A,C_C,T_T,G_G,G_G,A_A,C_T,C_T,T_T,G_G,T_T,T_T,T_T,A_A,A_A,A_A,A_A,C_C,T_T,T_T,A_A,C_C,C_C,C_C,T_T,T_T,T_T,C_C,A_A,C_C,C_T,A_A,A_A,A_A,A_C,A_A,C_T,A_A,C_T,T_T,A_C,T_T,C_C,C_C,C_C,T_T,A_G,C_C,G_G,A_A,C_T,C_C,G_G,A_A,G_G,A_T,G_G,C_T,C_T,G_G,G_G,G_G,A_A,T_T,G_G,A_G,T_T,C_C,C_C,G_G,A_A,T_T,C_C,A_A,C_T,T_T,C_C,C_T,C_C,T_T,T_T,A_A,T_T,C_C,G_G,G_G,T_T,C_C,A_G,A_A,C_C,A_A,A_C,G_G,C_T,A_G,G_G,C_C,A_G,A_G,C_C,C_T,A_A,A_A,C_C,A_G,A_G,C_T,G_G,A_G,G_G,A_A,C_T,G_G,C_G,T_T,A_A,G_G,C_T,A_A,C_T,G_G,C_T,C_C,A_A,A_A,C_T,G_G,A_A,C_T,A_G,C_C,A_G,C_G,A_A,A_G,G_G,G_G,G_G,A_A,A_A,G_G,A_A,A_A,C_C,T_T,A_G,C_C,G_G,G_G,C_C,C_T,A_A,A_A,C_C,A_G,A_A,C_C,A_G,G_G,C_T,A_A,A_G,C_C,G_G,A_G,A_A,A_A,G_G,G_G,A_G,G_G,C_C,T_T,C_C,G_G,G_G,G_G,G_G,C_C,T_T,A_A,A_G,A_A,C_C,G_G,A_A,C_C,C_C,G_G,G_G,G_G,T_T,G_G,C_T,T_T,A_G,T_T,T_T,A_G,T_T,T_T,G_G,T_T,G_G,A_C,T_T,T_T,C_T,G_T,C_T,T_T,G_G,G_G,G_G,T_T,G_G,A_A,C_T,A_A,G_G,C_T,C_C,G_G,A_T,G_G,T_T,C_C,A_G,C_T,G_G,C_C,G_G,A_G,A_A,C_C,A_A,A_A,A_G,C_C,A_A,A_A,G_G,G_G,G_G,G_G,T_T,C_C,C_T,T_T,T_T,T_T,T_T,C_C,G_G,A_A,A_G,C_C,C_T,T_T,T_T,C_C,T_T,A_G,C_C,A_A,C_T,G_G,T_T,C_C,C_T,G_G,G_G,C_G,C_T,C_T,G_G,C_C,T_T,G_G,A_G,A_A,A_A,G_G,A_A,T_T,T_T,A_G,C_C,A_G,A_A,A_A,C_C,A_A,T_T,T_T,G_G,T_T,A_G,A_A,C_T,C_C,A_G,C_C,G_G,C_C,G_G,C_C,A_G,T_T,A_A,C_C,T_T,A_A,C_C,G_G,C_G,C_T,C_C,T_T,C_C,A_A,A_A,C_C,T_T,G_G,G_G,A_G,A_G,C_C,G_G,A_A,C_C,T_T,T_T,A_A,A_G,C_C,A_A,G_G,T_T,A_A,T_T,G_G,C_T,G_G,T_T,A_A,C_C,G_G,G_G,A_A,A_C,G_G,T_T,G_G,C_C,G_G,A_G,G_G,A_A,A_A,A_A,C_C,T_T,A_A,T_T,A_G,A_A,A_A,C_C,T_T,T_T,G_G,C_C,C_C,A_A,T_T,T_T,A_G,A_A,C_C,A_G,C_C,C_T,C_C,A_G,T_T,G_G,G_G,C_G,T_T,G_G,A_A,C_G,G_G,C_C,C_T,G_G,T_T,C_C,C_C,T_T,A_G,A_A,A_A,G_G,C_T,G_G,T_T,T_T,C_C,G_G,G_G,A_A,G_G,A_A,C_T,C_C,C_C,C_C,G_G,C_T,G_G,C_C,T_T,T_T,A_G,A_A,C_T,A_A,C_T,C_C,G_G,G_G,A_A,A_G
NA21528,T_T,G_G,A_C,T_T,C_C,C_T,T_T,A_A,C_G,C_T,C_C,C_C,G_G,C_T,G_G,A_G,A_A,C_C,C_C,T_T,G_G,C_C,C_T,C_C,T_T,C_C,A_A,A_G,G_G,A_A,G_G,A_A,C_T,A_G,A_C,C_C,C_C,A_A,C_T,G_G,C_T,G_G,T_T,C_T,G_G,G_G,T_T,C_C,A_G,C_C,A_A,A_G,T_T,T_T,G_G,A_G,G_G,G_G,A_A,G_G,A_A,C_C,A_G,C_C,T_T,C_C,C_G,C_T,G_G,A_G,A_G,C_C,C_C,C_T,C_T,A_G,C_C,C_C,A_G,T_T,T_T,A_A,G_G,G_G,T_T,A_A,A_A,G_G,A_A,G_G,C_C,A_A,C_C,T_T,A_A,C_C,T_T,C_C,G_G,C_T,A_A,C_C,A_G,A_G,C_T,G_G,C_C,A_A,T_T,G_G,G_G,C_C,C_C,T_T,T_T,A_A,A_A,C_C,T_T,A_A,A_A,A_A,C_T,T_T,T_T,C_G,T_T,T_T,T_T,A_A,A_G,A_A,A_A,C_C,T_T,T_T,A_A,C_C,C_T,C_C,T_T,C_T,T_T,C_G,A_A,C_T,T_T,A_A,A_A,A_A,C_C,A_A,C_C,A_A,T_T,T_T,A_A,T_T,A_C,C_C,C_T,T_T,G_G,C_C,A_A,A_A,C_C,C_C,A_A,A_G,G_G,A_T,G_G,C_T,C_C,G_G,G_G,G_G,A_G,T_T,G_G,G_G,T_T,C_C,C_C,G_G,A_T,T_T,C_C,A_A,T_T,T_T,C_C,C_T,C_C,T_T,T_T,A_A,T_T,C_C,A_G,G_G,T_T,C_C,G_G,A_A,C_C,A_A,C_C,G_G,C_T,A_G,G_G,C_C,G_G,G_G,C_C,T_T,A_A,A_G,C_C,A_A,G_G,C_C,A_G,G_G,G_G,A_A,C_C,G_G,G_G,T_T,A_G,G_G,C_T,A_C,C_T,A_A,C_C,C_C,G_G,A_A,C_C,G_G,A_G,C_C,G_G,C_C,A_G,C_G,A_A,A_G,G_G,G_G,C_C,A_A,G_G,A_G,G_G,C_C,C_T,C_T,A_G,C_C,G_G,G_G,C_T,C_C,A_A,A_A,T_T,A_A,A_A,C_C,G_G,A_G,C_T,A_G,A_G,C_C,G_G,A_G,A_A,A_A,C_C,G_G,A_G,G_G,C_T,C_T,C_C,A_G,A_G,G_G,A_G,C_T,T_T,A_A,G_G,A_A,C_C,G_G,A_A,A_C,C_C,A_G,G_G,G_G,C_T,A_G,C_T,C_T,A_A,T_T,T_T,A_A,T_T,G_T,G_G,T_T,A_G,C_C,T_T,A_T,T_T,T_T,C_C,C_C,G_G,G_G,G_G,C_T,G_G,A_A,C_C,A_A,T_T,C_C,C_G,G_G,A_T,G_G,C_T,C_C,A_A,C_C,G_G,C_T,A_G,G_G,A_A,C_C,A_A,A_A,A_A,C_T,A_C,A_A,A_G,G_G,C_C,G_G,T_T,C_C,C_T,C_T,T_T,C_T,T_T,C_G,A_G,A_G,A_A,C_C,T_T,C_T,C_C,C_C,T_T,A_G,T_T,A_A,C_C,G_G,G_T,C_C,C_C,A_A,G_G,C_C,C_T,C_T,G_G,C_C,C_T,G_G,A_A,A_A,A_A,G_G,A_A,T_T,C_T,G_G,C_C,A_G,A_A,A_A,C_C,A_A,T_T,C_T,C_C,T_T,G_G,A_A,T_T,C_C,G_G,T_T,G_G,C_C,G_G,C_C,A_G,T_T,A_G,C_C,T_T,A_A,C_C,A_G,G_G,T_T,C_C,C_T,C_C,A_A,A_G,C_C,T_T,G_G,A_A,G_G,G_G,T_T,A_G,A_A,C_C,T_T,T_T,G_G,G_G,C_C,A_A,G_G,T_T,A_A,T_T,G_G,T_T,G_G,T_T,A_A,C_C,G_G,A_G,A_A,A_C,A_G,T_T,G_G,T_T,G_G,A_A,A_G,A_G,A_T,G_G,C_C,T_T,A_G,C_T,G_G,A_C,A_A,G_G,T_T,C_T,T_T,C_G,C_C,A_A,T_T,C_T,G_G,A_A,C_C,A_A,T_T,C_C,C_C,G_G,T_T,G_G,G_G,C_G,C_T,G_G,A_A,G_G,G_G,A_C,C_T,G_G,T_T,C_C,C_C,C_T,G_G,A_A,A_A,A_G,T_T,A_G,T_T,T_T,C_T,A_G,A_G,A_A,G_G,A_G,T_T,C_C,C_T,C_C,G_G,C_T,G_G,C_C,C_T,C_T,G_G,A_A,T_T,A_G,T_T,C_C,G_G,G_G,A_A,A_A
NA21423,T_T,G_G,C_C,T_T,C_C,C_C,T_T,A_A,C_C,T_T,C_T,C_T,C_G,C_C,G_G,G_G,A_A,C_T,C_C,T_T,G_G,C_C,C_C,C_C,T_T,C_C,A_A,A_G,G_G,A_A,A_G,A_A,C_T,G_G,C_C,A_C,C_C,A_A,T_T,C_G,C_C,G_G,C_T,C_T,A_A,G_G,T_T,C_T,A_G,C_T,G_G,A_A,T_T,T_T,G_G,A_A,A_G,G_G,A_A,G_G,A_A,C_T,A_A,C_T,T_T,T_T,C_G,T_T,G_G,A_A,A_A,C_C,C_C,T_T,C_T,A_A,C_T,T_T,G_G,T_T,C_T,A_A,A_G,G_G,C_T,A_G,A_A,G_G,A_A,G_G,C_C,A_A,C_C,T_T,A_A,C_C,T_T,C_T,G_G,T_T,A_A,C_C,A_A,A_G,C_T,G_G,C_C,A_A,C_C,A_G,G_G,C_C,C_C,T_T,C_T,A_G,A_A,C_C,T_T,A_A,A_G,A_C,C_C,T_T,C_C,G_G,T_T,T_T,T_T,A_A,A_A,A_C,A_A,C_C,T_T,T_T,G_G,C_C,C_C,C_C,C_T,T_T,C_T,C_G,A_A,C_C,T_T,A_A,A_A,A_G,C_C,A_A,C_C,A_A,T_T,T_T,A_A,T_T,C_C,C_C,C_T,T_T,G_G,C_C,A_G,A_A,C_C,T_T,G_G,G_G,G_G,A_A,G_G,C_T,C_C,G_G,G_G,G_G,A_G,T_T,G_G,A_G,T_T,C_T,C_C,A_A,A_A,C_T,C_C,A_A,T_T,T_T,C_C,T_T,C_C,T_T,T_T,A_A,T_T,C_C,A_A,G_G,T_T,C_C,A_G,A_A,C_C,A_A,C_C,G_G,C_C,A_A,G_G,C_T,A_G,G_G,C_T,C_T,A_G,A_G,C_C,A_A,A_A,C_T,G_G,A_A,G_T,A_A,C_T,A_G,G_G,G_T,A_A,G_G,T_T,A_A,C_T,A_A,C_T,C_C,A_G,A_A,C_C,G_G,A_G,C_C,G_G,C_C,G_G,C_C,A_A,A_A,G_G,G_G,C_G,A_A,A_A,A_G,A_G,C_C,C_T,C_T,A_G,C_C,G_G,G_G,C_C,C_C,A_A,A_G,C_T,A_A,A_A,C_C,G_G,A_A,C_C,A_G,A_G,C_C,G_G,A_A,A_A,A_A,C_C,G_G,A_G,A_G,C_C,T_T,T_T,A_G,A_A,G_G,A_G,C_C,T_T,A_G,G_G,A_A,C_C,G_G,A_A,A_C,C_T,G_G,G_G,G_G,C_C,A_A,T_T,C_C,G_G,T_T,C_T,A_G,T_T,T_T,A_G,T_T,G_G,C_C,T_T,A_T,T_T,T_T,C_C,C_C,A_G,G_G,G_G,T_T,G_G,A_A,C_C,A_A,G_T,C_T,C_C,G_G,T_T,G_G,T_T,C_C,A_G,C_T,G_G,C_T,A_G,G_G,A_C,C_C,A_G,C_C,A_G,C_C,A_C,A_A,A_A,G_G,C_C,G_G,T_T,C_C,C_T,C_T,T_T,C_T,T_T,C_G,G_G,A_G,A_G,C_C,T_T,C_T,C_T,C_T,A_T,A_A,C_T,A_A,C_T,G_G,G_T,C_C,C_T,A_G,G_G,C_G,C_C,T_T,G_G,C_C,T_T,G_G,A_G,A_A,A_A,G_G,A_A,C_T,C_T,G_G,C_T,A_A,A_A,A_A,C_C,A_A,C_T,T_T,C_G,C_T,A_G,A_A,T_T,T_T,A_G,C_T,A_G,C_C,G_G,C_C,A_A,T_T,A_G,C_T,T_T,A_A,C_C,A_G,G_G,C_C,C_C,T_T,C_C,A_A,A_G,C_C,T_T,G_G,G_G,G_G,G_G,C_T,G_G,A_A,C_T,T_T,T_T,A_A,G_G,C_C,A_A,G_G,T_T,G_G,T_T,G_G,T_T,G_G,T_T,A_G,C_C,A_G,G_G,A_A,C_C,A_A,C_T,G_G,T_T,G_G,A_A,G_G,A_G,A_A,A_A,C_T,T_T,A_G,C_T,A_G,A_A,A_A,C_G,T_T,T_T,T_T,C_G,C_C,A_A,T_T,C_C,G_G,A_A,C_T,A_A,C_C,C_T,C_C,G_G,T_T,G_G,G_G,C_G,C_T,G_G,A_G,C_G,G_G,A_A,C_C,G_G,T_T,C_C,C_C,T_T,A_G,A_A,A_A,G_G,C_T,G_G,T_T,T_T,C_C,G_G,G_G,A_A,G_T,A_G,C_T,C_C,C_C,C_C,G_G,C_C,G_G,C_T,T_T,T_T,G_G,A_A,T_T,A_G,T_T,C_T,G_G,G_G,A_A,A_G
NA21634,T_T,G_G,C_C,T_T,C_C,C_C,T_T,A_A,C_C,C_T,C_C,C_T,G_G,C_C,G_G,A_G,A_A,C_T,C_C,T_T,G_G,T_T,C_C,C_C,T_T,C_C,A_G,G_G,G_G,A_A,A_G,A_A,C_C,A_G,A_A,A_C,C_C,A_A,T_T,C_G,T_T,G_T,T_T,C_C,G_G,G_G,G_T,C_C,A_G,C_C,A_A,A_A,T_T,T_T,G_G,A_A,G_G,G_G,A_A,A_G,A_A,C_C,A_A,C_T,T_T,C_T,C_C,C_T,G_G,A_A,A_G,C_C,C_C,T_T,C_T,A_G,C_C,T_T,G_G,C_T,C_T,A_A,A_G,G_G,T_T,A_G,A_A,A_G,A_A,G_G,C_C,A_A,C_C,T_T,A_A,C_C,T_T,C_T,G_G,T_T,A_G,C_T,A_A,G_G,C_C,G_G,C_C,A_A,T_T,G_G,G_G,C_C,C_C,T_T,T_T,A_A,A_A,C_C,T_T,G_G,A_G,A_A,C_T,T_T,C_T,G_G,T_T,T_T,T_T,A_A,A_A,A_A,A_A,C_C,G_T,T_T,G_G,C_T,C_C,C_C,T_T,T_T,C_T,C_C,A_A,C_C,T_T,A_A,A_G,A_A,C_C,A_A,C_T,A_G,T_T,T_T,A_A,C_T,A_C,C_C,C_T,T_T,G_G,C_C,A_A,A_A,C_C,T_T,G_G,A_G,A_G,T_T,G_G,C_C,C_C,A_G,C_G,G_G,A_G,T_T,A_G,G_G,T_T,T_T,C_C,G_G,A_T,T_T,C_C,A_A,T_T,T_T,C_C,T_T,C_C,T_T,T_T,A_A,T_T,C_C,A_A,G_G,C_T,C_C,G_G,A_A,C_C,A_A,C_C,G_G,C_T,A_A,G_G,C_C,G_G,G_G,C_C,C_T,A_G,A_A,C_C,A_G,A_G,C_T,A_G,G_G,G_G,A_A,C_C,A_G,G_G,T_T,A_G,G_G,T_T,A_A,C_T,G_G,C_C,C_C,G_G,A_A,C_C,G_G,A_A,C_C,G_G,C_C,G_G,C_C,A_A,G_G,G_G,G_G,G_G,A_A,A_G,G_G,A_A,C_C,C_C,T_T,G_G,C_T,G_G,G_G,C_C,C_C,A_C,A_A,C_C,A_G,A_A,C_C,G_G,A_G,C_T,A_A,A_A,C_C,G_G,A_A,A_A,A_A,C_C,G_G,A_A,A_G,C_T,T_T,C_T,A_G,A_G,G_G,G_G,C_C,T_T,A_A,A_G,A_A,C_C,G_G,A_A,C_C,C_C,A_A,A_G,A_G,C_C,A_A,T_T,C_C,A_A,T_T,T_T,A_A,T_T,T_T,A_G,T_T,G_G,C_C,T_T,T_T,T_T,T_T,C_T,C_C,G_G,G_G,G_G,T_T,A_G,A_A,C_C,A_A,T_T,C_T,C_C,G_G,A_T,G_G,C_C,C_C,G_G,C_T,G_G,C_T,A_G,G_G,A_A,C_C,A_A,A_C,A_G,C_C,A_A,A_A,G_G,A_G,C_C,G_G,T_T,C_C,C_T,C_T,T_T,C_C,T_T,C_G,A_G,A_G,A_A,C_T,C_C,T_T,C_C,C_C,A_A,A_A,C_T,A_A,C_T,G_T,G_T,C_C,T_T,G_G,G_G,C_G,C_T,C_T,G_G,C_T,C_T,G_G,A_A,A_G,A_A,G_G,A_A,T_T,C_C,A_G,C_C,A_A,A_G,A_A,C_C,A_A,T_T,C_T,C_C,C_T,G_G,A_A,C_T,C_T,A_G,C_C,G_G,C_C,G_G,C_C,A_A,T_T,A_G,C_C,C_T,A_A,C_C,A_A,G_G,C_T,C_C,T_T,C_C,A_A,A_A,C_T,T_T,G_G,A_G,A_G,G_G,C_C,G_G,A_A,C_T,T_T,T_T,A_A,G_G,C_C,A_A,G_G,T_T,A_G,T_T,G_G,T_T,G_G,C_C,A_G,C_C,G_G,A_A,A_A,A_C,G_G,T_T,G_G,C_T,G_G,A_A,G_G,G_G,A_A,A_G,C_C,T_T,G_G,C_T,G_G,A_C,A_A,C_C,T_T,C_T,G_T,G_G,C_C,A_A,T_T,C_C,A_G,A_G,T_T,A_A,C_C,C_C,C_C,G_G,T_T,G_G,G_G,C_G,T_T,A_G,A_A,C_C,G_G,A_C,T_T,G_G,C_T,C_C,C_G,T_T,A_G,A_A,A_A,G_G,C_C,A_G,T_T,T_T,C_T,G_G,G_G,A_A,G_G,A_G,T_T,C_C,C_T,C_C,A_G,C_T,G_G,C_T,C_T,T_T,G_G,A_A,T_T,A_G,C_T,C_T,G_G,G_G,A_A,A_G
NA18915,T_T,G_G,C_C,T_T,C_C,C_C,T_T,A_A,C_C,C_T,C_T,C_C,C_G,C_C,G_G,G_G,A_C,C_C,C_C,T_T,G_G,C_C,C_C,C_T,T_T,C_C,A_A,G_G,G_G,A_A,A_G,A_A,C_C,G_G,A_A,C_C,C_C,A_A,C_T,G_G,C_C,G_G,C_C,C_T,G_G,G_G,T_T,C_C,G_G,T_T,A_G,A_G,T_T,T_T,G_G,A_A,A_A,G_G,A_A,A_G,A_G,C_C,A_A,C_T,T_T,C_T,C_C,T_T,G_G,A_A,A_A,C_C,C_T,C_T,C_T,A_G,C_C,T_T,A_G,T_T,C_C,A_A,G_G,A_G,T_T,A_G,A_A,G_G,A_G,G_G,C_C,A_A,A_C,T_T,A_G,C_T,T_T,C_T,G_G,T_T,A_G,C_C,A_A,A_G,C_C,G_G,C_C,A_A,C_T,G_G,G_G,C_C,C_C,T_T,T_T,A_A,A_A,C_C,T_T,G_G,A_G,A_A,C_C,C_T,T_T,G_G,T_T,T_T,T_T,A_A,A_A,A_A,A_A,C_C,T_T,C_C,A_A,T_T,C_C,C_C,T_T,T_T,T_T,C_C,A_A,C_C,T_T,A_A,A_G,A_G,C_C,A_A,C_C,A_A,T_T,T_T,A_C,T_T,C_C,C_C,C_C,T_T,G_G,C_C,G_G,A_A,C_C,C_C,A_G,A_A,A_G,T_T,G_G,C_C,C_C,G_G,C_G,G_G,A_G,T_T,G_G,G_G,T_T,C_C,C_T,A_A,A_A,C_T,C_C,A_G,T_T,T_T,C_T,T_T,C_C,T_T,T_T,A_A,C_T,C_C,A_G,G_G,T_T,C_T,G_G,A_A,C_C,A_G,C_C,G_G,T_T,A_A,G_G,C_C,G_G,A_G,C_C,C_T,A_A,A_G,C_C,A_A,G_G,T_T,G_G,G_G,T_T,A_A,C_C,G_G,G_G,T_T,A_A,G_G,T_T,A_A,C_T,A_G,T_T,C_T,A_A,A_A,C_C,G_G,A_A,C_T,G_G,C_C,G_G,C_G,A_G,G_G,G_G,G_G,G_G,A_A,A_A,G_G,A_A,A_A,C_C,T_T,G_G,C_C,G_G,G_G,C_T,C_T,A_A,A_A,C_C,G_G,A_A,C_C,A_G,A_G,C_T,A_A,G_G,C_C,G_G,A_G,A_A,A_A,C_C,G_G,G_G,G_G,C_C,T_T,T_T,G_G,A_G,G_G,G_G,C_T,T_T,A_A,A_G,A_A,A_C,G_G,A_A,C_C,C_C,G_G,G_G,G_G,C_T,A_G,C_T,C_T,A_G,C_T,T_T,A_G,T_T,T_T,G_G,T_T,G_G,A_C,T_T,T_T,T_T,T_T,C_C,T_T,G_G,G_G,G_G,T_T,G_G,A_A,C_T,A_A,T_T,T_T,C_C,G_G,A_T,G_G,T_T,C_C,A_A,T_T,G_G,C_C,G_G,G_G,A_A,C_C,A_A,A_A,A_A,C_T,A_A,A_A,G_G,G_G,C_G,A_G,T_T,C_C,C_T,T_T,C_T,T_T,T_T,C_G,G_G,A_G,A_A,C_C,C_T,T_T,C_C,C_C,T_T,A_G,C_T,A_A,C_T,G_G,T_T,C_T,T_T,G_G,G_G,C_G,T_T,C_T,G_G,C_T,C_T,G_T,G_G,A_A,A_G,G_G,A_A,T_T,C_T,G_G,C_C,A_A,A_G,A_A,C_T,A_G,T_T,T_T,G_G,T_T,A_G,A_A,T_T,C_T,G_G,C_T,G_G,C_C,G_G,C_C,G_G,T_T,A_G,C_C,T_T,A_A,C_C,A_G,G_G,C_C,C_T,T_T,C_C,G_G,A_A,C_C,T_T,G_G,G_G,G_G,G_G,C_T,A_A,A_G,C_C,C_T,T_T,A_A,G_G,C_C,A_A,G_G,C_T,A_G,T_T,G_G,T_T,G_G,T_T,A_G,C_C,G_G,A_G,A_A,A_A,G_G,T_T,G_G,C_T,G_G,A_A,A_G,A_G,A_A,A_A,C_C,T_T,A_G,C_T,A_A,A_C,A_A,C_G,C_T,T_T,G_T,C_C,C_C,A_A,C_T,T_T,G_G,A_A,T_T,A_A,C_C,C_T,C_C,G_G,T_T,G_G,G_G,G_G,T_T,G_G,A_A,G_G,A_G,A_A,C_C,A_G,T_T,C_C,C_C,T_T,G_G,A_A,A_A,G_G,C_T,G_G,T_T,T_T,C_C,A_G,G_G,A_A,G_G,A_G,T_T,C_C,C_C,C_C,G_G,C_C,G_T,C_T,T_T,C_T,G_G,A_A,T_T,G_G,C_C,C_C,A_G,G_G,A_A,A_A
NA19250,T_T,G_G,C_C,T_T,C_C,C_C,T_T,A_G,C_G,C_C,C_C,C_C,C_C,C_C,G_G,G_G,A_A,C_C,C_C,T_T,G_G,C_C,C_C,C_C,T_T,C_C,A_G,G_G,G_G,A_A,A_G,A_A,C_C,G_G,A_A,A_C,C_C,A_A,T_T,C_G,C_T,G_G,C_T,C_T,A_G,G_G,T_T,C_T,G_G,C_C,A_A,A_A,T_T,T_T,G_G,A_A,A_G,G_G,A_A,A_G,A_G,C_C,A_A,C_C,T_T,C_C,C_G,T_T,G_G,A_A,A_A,C_C,C_C,C_T,T_T,A_G,C_C,T_T,A_G,T_T,C_C,A_A,G_G,G_G,C_T,A_G,A_A,A_G,A_A,G_T,C_C,A_A,A_C,T_T,A_A,C_C,T_T,T_T,G_G,T_T,A_G,C_C,A_A,A_G,C_C,G_T,C_C,A_A,T_T,G_G,G_G,C_C,C_G,T_T,T_T,A_A,A_A,C_C,T_T,G_G,A_G,A_A,C_C,T_T,T_T,G_G,T_T,T_T,T_T,A_A,A_A,A_A,A_A,C_C,T_T,T_T,A_A,C_C,C_C,C_C,T_T,T_T,C_T,C_C,A_A,C_C,T_T,A_A,A_A,A_G,A_C,A_A,C_C,A_A,C_T,T_T,A_C,T_T,C_C,A_C,C_T,T_T,G_G,C_C,G_G,A_A,C_C,C_C,G_G,A_G,A_G,T_T,A_G,C_C,C_T,G_G,C_G,A_G,A_A,C_T,G_G,A_A,T_T,C_C,C_T,A_G,A_A,T_T,C_C,A_G,T_T,C_T,C_C,T_T,C_C,T_T,T_T,A_A,T_T,C_C,A_G,G_G,C_T,C_T,G_G,A_A,C_C,A_A,C_C,G_G,C_C,A_A,G_G,C_C,G_G,A_G,C_C,C_C,A_A,A_A,C_C,A_A,G_G,C_C,A_G,G_G,G_T,A_A,C_C,G_G,G_G,T_T,A_A,A_G,T_T,A_A,T_T,A_G,C_C,C_T,A_G,A_A,C_T,G_G,A_A,C_T,G_G,C_T,G_G,C_G,A_A,A_G,G_G,G_G,G_G,A_A,A_A,G_G,A_A,C_C,C_C,T_T,G_G,C_T,G_G,G_G,C_C,C_T,A_A,A_A,C_C,A_G,A_G,C_C,G_G,A_G,C_T,A_A,A_G,C_C,C_G,G_G,A_A,A_A,C_C,A_G,G_G,G_G,C_C,T_T,C_T,G_G,A_A,G_G,G_G,C_T,T_T,A_A,G_G,A_A,C_C,G_G,A_A,C_C,C_C,G_G,A_A,G_G,T_T,G_G,C_C,T_T,A_A,T_T,T_T,A_A,T_T,T_T,G_G,T_T,G_G,C_C,T_T,T_T,T_T,T_T,T_T,C_C,G_G,G_G,G_G,T_T,G_G,A_A,C_C,A_A,T_T,T_T,C_C,G_G,A_T,A_G,C_T,C_C,A_G,T_T,G_G,C_C,G_G,G_G,A_A,C_C,A_A,A_C,A_G,C_C,A_A,A_A,A_G,G_G,C_C,A_G,T_T,C_C,C_C,T_T,T_T,T_T,T_T,C_G,G_G,A_A,A_G,C_C,C_C,T_T,C_C,C_T,T_T,A_G,C_T,A_A,C_C,G_T,G_T,C_C,T_T,G_G,G_G,C_G,C_T,C_T,G_G,C_T,C_T,G_T,A_A,A_A,A_G,G_G,A_A,T_T,T_T,G_G,C_C,A_A,A_G,A_A,C_C,A_A,T_T,T_T,C_G,C_T,A_G,A_A,T_T,C_T,G_G,C_C,G_G,C_C,A_G,C_C,G_G,T_T,A_G,C_C,T_T,A_G,C_C,G_G,G_G,C_C,C_C,T_T,C_T,A_A,A_A,C_C,T_T,G_G,G_G,G_G,G_G,C_C,G_G,A_A,C_C,T_T,C_T,A_G,A_A,C_C,A_A,A_G,T_T,A_A,C_T,A_G,C_T,G_G,T_T,G_G,C_C,G_G,G_G,A_G,A_C,A_G,C_T,G_G,C_C,G_G,A_A,A_A,A_A,A_A,A_A,C_C,T_T,A_A,C_T,G_G,C_C,A_A,C_G,C_C,T_T,T_T,C_C,C_C,A_A,T_T,T_T,G_G,A_A,C_T,A_G,C_C,T_T,A_C,G_G,C_T,A_G,G_G,G_G,T_T,G_G,A_A,G_G,G_G,A_C,C_C,G_G,C_T,C_T,C_C,T_T,A_A,A_A,A_A,G_G,C_T,A_A,T_T,T_T,C_C,G_G,G_G,A_C,G_G,A_A,C_T,C_C,C_T,C_C,G_G,C_C,G_T,T_T,T_T,C_C,G_G,A_A,C_C,G_G,C_T,C_C,G_G,G_G,A_G,A_A
NA19124,T_T,G_G,A_C,T_T,C_C,C_T,T_T,A_G,C_C,C_C,C_T,C_C,C_G,C_T,G_G,G_G,A_A,C_T,C_C,T_T,G_G,C_C,C_C,C_T,T_T,C_C,A_A,A_A,G_G,A_A,G_G,A_A,C_C,G_G,A_A,A_C,C_C,A_A,T_T,C_G,C_C,G_G,C_C,C_T,G_G,G_G,G_G,C_T,A_G,C_C,A_G,A_A,T_T,T_T,G_G,A_A,A_G,G_G,A_A,A_A,A_G,C_C,A_A,C_T,T_T,C_C,C_C,T_T,G_G,A_A,A_A,C_C,C_T,T_T,T_T,G_G,C_C,T_T,G_G,T_T,C_C,A_A,G_G,G_G,C_T,A_G,A_A,A_G,A_A,T_T,A_C,A_A,A_C,T_T,A_G,C_T,C_T,C_C,G_G,T_T,A_G,C_C,A_G,A_G,C_C,G_T,C_C,A_A,T_T,G_G,A_G,C_C,C_C,T_T,T_T,A_A,A_A,C_C,T_T,G_G,A_A,A_A,C_C,C_C,T_T,G_G,T_T,T_T,T_T,A_A,A_G,A_A,A_A,C_C,T_T,T_T,A_A,C_T,C_C,C_C,T_T,T_T,T_T,C_C,A_A,C_C,C_T,A_A,A_A,G_G,C_C,A_A,C_C,A_A,C_T,T_T,A_A,T_T,A_A,C_C,C_C,T_T,G_G,C_C,G_G,A_A,C_T,C_C,G_G,A_G,A_A,T_T,A_A,C_T,C_C,G_G,G_G,G_G,A_G,C_C,A_G,A_G,T_T,C_C,C_C,A_G,A_A,T_T,C_C,A_A,T_T,T_T,C_C,C_T,C_C,C_T,T_T,A_A,T_T,C_C,G_G,G_G,C_C,C_T,A_G,A_A,C_T,A_A,A_C,G_G,C_C,A_A,G_G,C_C,G_G,G_G,C_C,C_C,A_A,A_A,C_C,A_A,A_G,T_T,G_G,G_G,G_T,A_A,C_C,G_G,G_G,T_T,A_A,G_G,T_T,A_A,C_C,G_G,C_T,C_C,A_G,A_A,T_T,G_G,A_A,T_T,G_G,C_C,G_G,C_G,A_A,A_G,G_G,G_T,G_G,A_A,A_A,G_G,A_A,C_C,C_C,T_T,G_G,C_C,G_G,G_G,C_C,C_T,C_C,A_A,C_C,G_G,A_A,C_C,G_G,G_G,T_T,A_A,A_A,C_C,C_G,A_G,A_A,A_A,C_G,G_G,A_G,G_G,C_C,T_T,C_T,G_G,A_G,G_G,G_G,C_T,T_T,A_A,G_G,A_A,C_C,A_G,A_A,C_C,C_C,G_G,G_G,G_G,C_C,A_A,T_T,C_C,A_G,T_T,T_T,A_G,T_T,T_T,G_G,T_T,G_G,C_C,T_T,A_T,C_T,T_T,C_C,C_T,G_G,G_G,G_G,T_T,G_G,A_A,T_T,A_A,G_T,T_T,C_C,G_G,T_T,G_G,C_T,C_C,A_G,T_T,G_G,C_C,A_G,G_G,A_A,C_C,A_A,A_A,A_G,C_C,A_A,A_A,A_G,A_G,C_C,G_G,T_T,C_C,C_C,T_T,T_T,C_T,T_T,C_C,A_G,A_A,A_A,C_C,C_C,T_T,C_C,C_C,T_T,A_G,C_T,A_A,C_C,G_G,G_G,C_C,T_T,G_G,G_G,C_G,C_T,C_T,G_G,C_T,T_T,G_G,A_A,A_A,A_A,G_G,A_A,T_T,T_T,A_G,C_C,A_A,A_G,A_A,C_T,G_G,T_T,C_T,C_G,C_T,A_G,A_A,T_T,C_T,G_G,C_C,G_G,C_C,A_G,C_C,G_G,T_T,A_A,C_C,T_T,A_A,C_C,G_G,G_G,C_T,C_C,T_T,C_C,A_A,A_A,C_C,T_T,A_G,G_G,A_G,A_G,C_C,A_A,A_G,C_C,T_T,T_T,A_A,G_G,C_C,A_A,G_G,T_T,A_G,C_T,A_G,T_T,A_G,T_T,A_A,C_C,G_G,G_G,A_A,A_A,A_G,C_T,G_G,C_T,G_G,A_G,G_G,A_A,A_T,A_G,C_C,C_T,A_A,T_T,A_G,A_C,A_A,G_G,C_T,T_T,T_T,C_C,C_C,A_A,C_T,T_T,G_G,A_A,C_T,A_A,C_C,C_T,A_C,G_G,C_T,A_G,G_G,G_G,T_T,G_G,A_A,G_G,G_G,A_C,T_T,A_G,T_T,C_C,C_C,T_T,A_G,A_A,A_A,G_G,C_C,G_G,T_T,C_T,C_C,G_G,G_G,A_A,G_G,G_G,C_T,C_C,C_T,C_C,G_G,C_T,G_G,C_T,T_T,T_T,G_G,A_A,C_T,G_G,C_C,C_C,A_G,G_G,A_A,A_G
