Patient ID,population,rs10013441,rs10017946,rs10046248,rs10060821,rs10073882,rs1011609,rs10134028,rs10159030,rs10168169,rs10176837,rs1017783,rs10240570,rs10244477,rs1035582,rs10408164,rs10444351,rs10460504,rs10493770,rs10494055,rs10496977,rs10500071,rs10508158,rs10512019,rs10517011,rs1074739,rs10752741,rs10765099,rs10797386,rs10799255,rs10803583,rs10804925,rs10836933,rs10843585,rs10849181,rs10853282,rs10858363,rs10863308,rs10865278,rs10895109,rs10904962,rs10909872,rs10910017,rs10910029,rs10910061,rs10913136,rs10914477,rs10915307,rs10915396,rs10924366,rs10927559,rs10932401,rs10933005,rs10954494,rs11013746,rs11016442,rs11034713,rs1107910,rs11104775,rs11104947,rs11120837,rs11120989,rs11126130,rs11127018,rs1113111,rs11132199,rs11211612,rs11223548,rs11224762,rs11224765,rs11224773,rs11224783,rs1123571,rs11236209,rs11251966,rs11254106,rs11260542,rs11466691,rs1148214,rs11488462,rs11538784,rs11563201,rs11573970,rs11573979,rs11580074,rs11585587,rs11586974,rs11611632,rs11677624,rs11703828,rs11707193,rs11770368,rs11804222,rs11841589,rs1184774,rs11913594,rs11959012,rs11974206,rs12006467,rs12023372,rs12027396,rs12034613,rs12036857,rs12063386,rs12073172,rs12080410,rs12085319,rs12090967,rs12092254,rs12104489,rs12104625,rs12119711,rs12124819,rs12136921,rs12219674,rs1222144,rs12250707,rs12254574,rs12266901,rs12295314,rs12403351,rs12412736,rs12467106,rs12480230,rs12490963,rs1250544,rs12532116,rs12532805,rs12534948,rs12547611,rs12551119,rs12561942,rs12615002,rs12658762,rs12697189,rs12698186,rs12738365,rs12740262,rs12748433,rs12755560,rs1275569,rs12760071,rs12765118,rs12788223,rs1288503,rs1288742,rs12922641,rs13014047,rs13030338,rs13042833,rs13064974,rs13084153,rs13085028,rs13129,rs13160949,rs1317209,rs1317894,rs13203813,rs1320565,rs13251780,rs13322517,rs133503,rs13387193,rs13392175,rs13414393,rs13432159,rs1349283,rs1351499,rs1355781,rs1369323,rs1369407,rs1376444,rs1398572,rs1407448,rs1421617,rs1490742,rs1498016,rs1504418,rs1508594,rs1511412,rs1517782,rs1535682,rs1567074,rs1569307,rs1571149,rs164868,rs1670357,rs16823350,rs16824860,rs16824948,rs16826345,rs16827628,rs16839450,rs16840755,rs16843306,rs16850259,rs16864358,rs1687331,rs16895223,rs16933163,rs16947802,rs16957364,rs16961283,rs16968045,rs16978159,rs17018699,rs17028725,rs17029445,rs17033865,rs17033938,rs17036706,rs17040351,rs17069519,rs17075791,rs17093760,rs17120485,rs17135476,rs17137253,rs17140182,rs17150469,rs17151786,rs17207681,rs17221329,rs17286171,rs17325821,rs17358956,rs17385747,rs17389948,rs17398063,rs174504,rs174510,rs174511,rs174519,rs17471932,rs1749951,rs17561133,rs17599139,rs17633478,rs17649182,rs17676033,rs17680606,rs17737466,rs17764769,rs17783275,rs17799178,rs1780160,rs17821703,rs17854636,rs178932,rs1791466,rs1817653,rs182532,rs1841241,rs1845017,rs1868150,rs1869609,rs1869972,rs1874799,rs1877351,rs1883472,rs1885865,rs1887284,rs1891275,rs1900102,rs1914778,rs191708,rs1926883,rs1955614,rs1960425,rs1994851,rs1998759,rs1999462,rs2000177,rs2000319,rs202481,rs2036564,rs2046685,rs2072978,rs2092595,rs2105606,rs211605,rs2119320,rs2133620,rs2173201,rs217656,rs2199215,rs2209477,rs2209831,rs2224609,rs2237551,rs2261033,rs2268063,rs2272052,rs2273939,rs2275595,rs2275603,rs2275819,rs2277317,rs2291889,rs2295615,rs2298217,rs2298225,rs2298464,rs2320378,rs2348394,rs2379143,rs2382019,rs2388746,rs2390135,rs2418268,rs2418269,rs2423402,rs2432785,rs2439292,rs243996,rs2455107,rs2465126,rs2465136,rs2499714,rs2503823,rs2513850,rs2567274,rs2606414,rs2611423,rs2622637,rs2645072,rs2651902,rs2651929,rs2660563,rs2663018,rs2663027,rs2682107,rs2713721,rs27433,rs2765015,rs2794860,rs2838699,rs2840531,rs28414855,rs284243,rs2860580,rs28710181,rs2920297,rs2958272,rs2961739,rs2975042,rs2976392,rs3088182,rs3116996,rs3117002,rs31300,rs3130235,rs3130237,rs3130244,rs313243,rs315808,rs319870,rs321125,rs3217805,rs333846,rs333851,rs333859,rs34136796,rs342136,rs34835780,rs353887,rs360710,rs372440,rs3737728,rs3739477,rs3741026,rs3742672,rs374722,rs3749946,rs3756531,rs3757181,rs375980,rs3762084,rs3765764,rs3768337,rs3771848,rs3777997,rs3785624,rs379717,rs3809250,rs3815073,rs3820330,rs3824405,rs3889723,rs3893319,rs3930233,rs3935066,rs4040604,rs4074197,rs4101233,rs412763,rs4131141,rs4131373,rs41374247,rs41385746,rs4141989,rs41471147,rs41526051,rs4233033,rs4244129,rs4255200,rs428180,rs4298263,rs4298709,rs4371605,rs4416143,rs443592,rs4455137,rs4490524,rs4525889,rs4530328,rs4571809,rs4580387,rs4617036,rs4637726,rs4646329,rs4648468,rs4648745,rs4648782,rs4648805,rs4648807,rs4652992,rs4654354,rs4654468,rs4654522,rs4656248,rs4662280,rs4662834,rs4680238,rs4707130,rs4753962,rs4755957,rs4785322,rs478611,rs4840510,rs4846908,rs485276,rs487113,rs4904385,rs4920386,rs4926684,rs4935397,rs4935640,rs4937070,rs4937384,rs4939526,rs4942308,rs4969058,rs4970421,rs566105,rs582322,rs6018084,rs6030932,rs603638,rs608210,rs615625,rs620950,rs640655,rs6420051,rs642490,rs6436971,rs6472787,rs649640,rs6560612,rs6562748,rs6564809,rs6577582,rs6581191,rs6603781,rs6605005,rs662009,rs662353,rs6656160,rs6662635,rs6665000,rs6668819,rs6671527,rs667907,rs6685406,rs6694632,rs6694834,rs6695131,rs6698924,rs6699975,rs6717406,rs6732743,rs6732937,rs6737431,rs6779452,rs6833864,rs6844821,rs6860288,rs686543,rs6879391,rs6886932,rs689391,rs6901221,rs6901830,rs6926826,rs6927568,rs6940237,rs6971267,rs701100,rs7016943,rs702552,rs707457,rs710139,rs7122010,rs717187,rs7203853,rs7213911,rs7219975,rs7235487,rs7244157,rs7378826,rs742636,rs7461808,rs7503887,rs7512133,rs7512482,rs751396,rs7520258,rs7523549,rs7526076,rs7530465,rs7534617,rs7537756,rs7540486,rs7542677,rs7544659,rs7547028,rs7563543,rs7587849,rs760925,rs7626152,rs7640145,rs7640543,rs7642488,rs7644875,rs7658552,rs7687912,rs7705687,rs770576,rs770698,rs7760235,rs7767039,rs7832879,rs7859023,rs7918954,rs7921121,rs7928922,rs7935178,rs7935581,rs7938730,rs7944342,rs797913,rs7985210,rs7995074,rs8016966,rs8041381,rs8050818,rs8093745,rs8135343,rs8181588,rs828316,rs863454,rs871952,rs873525,rs904927,rs914958,rs919688,rs926244,rs9277027,rs9287778,rs931250,rs9328202,rs9328204,rs9379827,rs9442372,rs9442387,rs946236,rs946617,rs9497981,rs9497982,rs9502295,rs9504229,rs9518309,rs9530164,rs9530168,rs953184,rs953599,rs9543281,rs9549215,rs9559436,rs9562578,rs9600325,rs9603756,rs9729550,rs982790,rs9901316,rs9930735,rs9970652
,,-,-,-,-,-,-,-,-,-,-,-,-,-,-,-,-,-,-,-,-,-,-,-,-,-,-,-,-,-,-,-,-,-,-,-,-,-,-,-,-,-,-,-,-,-,-,-,-,-,-,-,-,-,-,-,-,-,-,-,-,-,-,-,-,-,-,-,-,-,-,-,-,-,-,-,-,-,-,+,-,-,+,+,-,-,-,-,-,-,-,-,-,-,-,-,-,-,-,-,-,-,-,-,-,-,-,-,-,-,-,-,-,-,-,-,-,-,-,-,-,-,-,-,-,-,-,-,-,-,-,-,-,-,-,-,-,-,+,-,-,-,-,-,-,-,-,-,-,-,-,-,-,-,-,-,-,-,-,-,-,-,-,-,-,-,-,-,-,-,-,-,-,-,-,-,-,-,-,-,-,-,-,-,-,-,-,-,-,-,-,-,-,-,-,-,-,-,+,-,-,-,-,-,-,-,-,-,-,-,-,-,-,-,-,-,-,-,-,-,-,-,-,-,-,-,+,-,-,-,-,-,-,-,-,-,-,-,-,-,-,-,-,-,-,-,-,-,-,-,-,-,-,-,-,-,-,-,-,-,-,-,-,-,-,-,-,-,-,-,-,-,-,-,-,-,-,-,-,-,-,-,-,-,-,-,-,-,-,-,-,-,-,-,-,-,-,-,-,-,-,-,-,-,-,-,-,-,-,-,-,-,-,-,+,-,-,-,-,-,-,-,-,-,-,-,-,-,-,-,-,-,-,-,-,-,-,-,+,-,-,-,-,-,-,+,-,-,-,-,-,-,-,-,-,-,-,-,-,-,-,-,-,-,+,-,-,-,-,+,-,-,-,-,+,-,-,-,-,-,-,-,-,-,-,-,-,-,-,-,-,-,-,+,-,-,-,-,-,-,-,-,-,-,-,-,-,-,-,-,-,-,-,-,-,-,-,-,-,-,-,-,-,-,-,-,-,-,-,-,-,-,-,-,-,-,-,-,-,-,-,-,-,-,-,-,-,-,-,-,-,-,-,-,-,-,-,-,-,-,-,+,-,-,-,-,-,-,-,-,-,-,-,-,-,-,-,-,-,-,-,-,-,-,-,-,-,-,+,-,-,-,-,-,-,-,-,-,-,-,-,-,-,-,-,-,-,-,-,-,-,-,-,-,-,-,-,-,-,-,-,-,-,-,-,-,-,-,-,-,-,-,-,-,-,-,-,-,+,-,-,-,-,-,-,-,-,-,-,-,-,-,-,-,-,-,-,-,-,-,-,-,-,-,-,-,-,-,-,-,-,-,-,-,-,-,-,-,-,-,-,-,-,-,-,-,-,-,-,-,-,-,-,-,-,-,-,-,-,-,-,-,-,-,-,-,-
NA06989,CEU,A_G,G_G,C_C,A_A,A_A,C_T,C_C,C_C,A_G,T_T,C_C,G_G,A_A,C_C,C_C,C_C,A_A,A_A,A_A,A_A,G_G,A_A,A_A,C_C,G_G,T_T,C_T,C_C,T_T,G_G,C_T,A_A,A_G,G_G,A_A,G_G,G_G,C_C,G_G,G_G,A_A,C_T,C_C,C_C,T_T,C_C,C_C,A_A,A_A,C_C,T_T,C_T,C_T,G_G,A_G,G_T,G_G,G_G,C_C,A_A,C_T,T_T,A_A,T_T,G_G,T_T,G_G,T_T,G_G,T_T,G_G,C_T,C_C,T_T,C_T,T_T,A_A,A_C,T_T,C_C,A_G,G_G,C_C,C_C,C_T,A_G,A_G,C_C,A_A,T_T,T_T,C_C,C_C,G_G,G_G,A_A,A_T,A_A,G_G,A_A,C_C,T_T,A_C,C_T,C_C,C_C,A_A,C_C,C_C,C_C,A_G,T_T,C_C,A_A,T_T,A_G,C_C,A_G,T_T,C_C,G_G,C_C,C_C,C_G,C_T,C_C,A_G,C_T,C_T,T_T,A_T,G_G,C_C,G_G,T_T,A_G,C_C,T_T,C_C,G_G,G_G,C_C,A_C,G_G,C_T,C_C,G_G,A_G,A_G,A_A,G_G,A_A,G_G,A_G,C_C,G_G,A_G,G_G,G_G,C_T,A_G,A_G,A_A,G_G,A_A,G_G,G_G,A_G,A_G,A_G,G_G,T_T,C_C,C_C,A_G,T_T,T_T,A_A,C_C,G_T,A_A,C_C,C_T,T_T,A_G,C_C,C_C,C_C,G_G,A_A,G_G,G_G,G_G,C_C,A_A,A_A,C_C,G_G,T_T,G_G,A_A,G_G,C_C,A_A,G_T,T_T,G_G,A_A,C_C,C_C,T_T,G_G,A_A,A_A,C_C,T_T,T_T,T_T,G_G,A_G,T_T,G_G,G_G,G_G,G_G,T_T,G_G,C_C,A_C,A_G,C_T,A_A,C_C,C_C,G_G,C_T,T_T,A_G,G_G,C_T,A_G,C_C,C_C,T_T,G_G,T_T,G_G,C_T,C_T,C_T,G_G,T_T,T_T,G_G,C_T,C_C,A_C,T_T,A_G,T_T,C_C,G_G,A_A,T_T,T_T,T_T,A_G,G_G,C_C,C_C,G_G,C_C,C_T,G_G,A_A,C_C,C_C,T_T,T_T,T_T,G_G,T_T,G_G,G_G,A_G,A_A,G_G,T_T,A_A,C_C,G_G,A_A,G_G,C_C,T_T,C_C,T_T,C_C,G_G,A_G,G_G,C_C,A_A,A_A,A_A,T_T,C_C,A_A,A_G,C_T,A_A,G_G,C_T,G_G,A_A,T_T,G_G,G_G,T_T,C_T,G_G,G_G,T_T,C_C,G_G,G_G,A_G,G_G,A_A,A_A,C_T,C_C,C_C,C_C,A_G,A_A,G_G,G_G,T_T,C_C,G_G,T_T,A_C,A_C,A_A,C_C,A_A,A_T,C_T,G_G,C_T,A_G,G_T,T_T,A_A,C_T,C_C,G_G,T_T,T_T,C_C,G_G,G_G,C_T,A_A,C_C,C_T,C_T,C_C,C_C,C_C,T_T,G_G,C_C,T_T,A_A,G_G,T_T,T_T,A_A,T_T,C_C,A_A,T_T,A_A,G_T,A_A,A_A,T_T,A_A,T_T,A_A,T_T,G_G,A_A,G_G,C_C,C_C,G_G,A_A,C_C,C_C,A_G,A_G,T_T,G_T,C_T,T_T,G_G,C_T,T_T,C_T,G_G,A_A,A_A,A_A,C_C,G_T,T_T,G_G,C_C,G_G,C_C,T_T,G_G,A_A,A_G,A_A,C_G,A_G,G_G,C_T,G_T,C_T,A_A,A_A,A_A,C_T,T_T,C_C,G_G,G_G,T_T,A_A,C_T,A_G,G_T,A_G,A_A,G_G,A_G,C_T,C_C,A_G,A_A,T_T,A_A,C_T,T_T,T_T,G_G,G_G,A_A,T_T,A_A,A_A,C_T,A_G,G_T,C_T,G_G,T_T,C_C,A_A,A_A,T_T,T_T,T_T,T_T,G_G,C_T,T_T,C_C,C_T,G_G,?_?,T_T,G_T,A_A,T_T,G_G,C_C,C_T,A_A,T_T,G_G,G_G,T_T,C_C,A_A,G_T,C_T,T_T,C_C,A_G,C_C,C_C,A_A,A_A,G_G,G_G,G_G,C_C,C_C,T_T,C_C,A_A,G_T,A_A,G_G,G_G,?_?,C_C,A_G,A_A,A_A,G_G,C_T,C_C,A_C,T_T,A_A,A_G,C_T,T_T,T_T,A_A,C_C,A_A,T_T,C_C,A_A,T_T,A_G,A_A,G_G,T_T,G_G,C_G,C_C,C_C,C_T,G_G,C_C,G_G,T_T,T_T,A_G,A_A,G_G,A_A,C_T,T_T,C_C,C_C,T_T,T_T,A_G,C_C,G_T,C_C,C_C,G_G,T_T,T_T,C_T,T_T,T_T,C_C,G_G,T_T,G_T,T_T,A_G,C_C,A_A,T_T,T_T,A_A,G_G,T_T,T_T,C_C,G_G,G_G,C_C,C_G,A_C,C_T,A_A,A_G,G_T,A_G,C_C,G_G,A_G
NA18618,CHB,A_A,A_G,C_C,A_G,A_A,C_T,C_C,C_C,A_G,T_T,C_C,A_G,A_A,C_C,C_C,C_C,G_G,A_A,A_G,A_A,A_G,G_G,A_A,C_C,G_T,C_T,C_T,C_C,T_T,G_G,C_T,A_A,G_G,G_G,A_A,G_G,G_T,C_C,G_G,G_G,A_A,C_T,C_T,T_T,T_T,C_C,C_T,A_G,G_G,C_C,A_T,C_C,T_T,G_G,A_A,G_G,A_A,G_G,C_C,A_A,T_T,T_T,A_G,G_T,A_A,T_T,G_G,T_T,G_G,T_T,G_G,C_C,C_C,T_T,C_T,T_T,A_A,A_C,T_T,A_C,G_G,G_G,C_C,C_C,C_T,G_G,A_G,C_C,G_G,T_T,T_T,C_T,C_C,C_G,G_G,G_G,A_A,A_A,C_C,A_A,C_C,A_A,C_C,T_T,G_G,A_C,A_A,C_C,A_A,C_C,G_G,T_T,C_C,A_A,T_T,G_G,C_C,A_A,T_T,C_C,G_G,C_C,C_C,G_G,C_C,C_C,A_A,C_C,C_T,T_T,T_T,G_G,C_C,G_G,T_T,G_G,C_T,T_T,C_C,C_G,C_G,C_T,C_C,A_A,T_T,C_T,G_G,G_G,A_G,A_G,A_A,A_A,G_G,A_G,T_T,G_G,G_G,G_G,A_G,T_T,A_G,G_G,A_A,A_G,A_C,A_G,G_G,A_G,A_A,G_G,G_G,T_T,C_C,C_C,G_G,G_T,T_T,A_A,C_C,G_G,A_C,C_C,C_C,C_C,A_G,A_A,T_T,C_C,G_G,A_A,G_G,G_G,G_G,C_T,A_C,A_A,C_C,G_G,T_T,G_G,A_A,G_G,C_C,A_A,G_T,T_T,G_G,A_A,C_T,C_C,T_T,G_G,A_A,A_A,C_C,T_T,T_T,T_T,G_G,A_G,T_T,G_G,G_G,G_G,T_T,C_T,G_G,C_C,A_A,A_A,C_C,A_A,C_C,C_C,A_A,C_C,T_T,A_G,G_G,C_C,G_G,C_C,C_C,T_T,G_G,T_T,G_G,T_T,C_C,C_C,G_G,C_T,T_T,G_G,C_C,C_C,C_C,T_T,G_G,C_T,C_T,A_G,A_A,T_T,T_T,T_T,A_A,A_A,C_C,C_T,A_G,C_C,C_T,A_A,A_G,C_C,C_C,T_T,T_T,C_T,G_G,G_T,G_T,G_G,G_G,A_A,G_G,T_T,A_A,C_C,G_G,A_A,G_G,C_C,C_T,T_T,T_T,C_C,G_G,A_G,G_G,C_C,A_A,A_A,A_G,C_T,C_C,C_C,A_A,C_C,A_A,G_G,C_T,C_C,A_C,C_T,A_A,A_G,T_T,C_C,A_A,G_G,T_T,C_C,G_G,G_G,A_G,G_G,A_A,A_A,C_T,C_C,A_C,C_C,A_A,G_G,A_G,G_T,T_T,C_C,G_G,T_T,C_C,A_C,A_A,C_C,G_G,A_A,T_T,A_G,C_C,A_A,T_T,T_T,A_A,T_T,C_C,G_G,T_T,T_T,C_C,G_G,A_G,C_C,A_G,C_T,T_T,C_C,C_C,C_C,C_C,T_T,G_G,C_C,T_T,A_A,G_G,C_T,T_T,A_A,T_T,C_C,A_A,T_T,A_G,G_G,A_A,A_G,T_T,A_A,T_T,A_A,C_T,G_G,A_G,G_G,C_C,C_C,G_G,A_A,C_C,C_C,G_G,G_G,T_T,G_T,T_T,C_T,G_G,C_T,G_T,C_C,A_G,G_G,A_A,A_A,T_T,T_T,T_T,G_G,C_C,A_G,C_C,C_T,A_G,A_A,A_G,A_A,G_G,A_A,G_G,T_T,T_T,T_T,A_A,A_A,A_A,C_C,T_T,C_C,G_G,A_G,T_T,A_T,C_T,A_G,G_T,A_A,A_A,G_G,A_G,C_C,C_C,G_G,A_G,C_C,A_A,C_C,C_T,T_T,C_G,G_G,A_G,T_T,A_A,A_A,C_C,A_A,T_T,C_T,G_G,C_C,C_C,A_G,A_A,C_T,C_T,T_T,T_T,A_A,T_T,C_T,T_T,T_T,A_G,A_G,T_T,G_T,A_A,T_T,G_G,T_T,C_C,A_A,C_T,G_G,A_A,T_T,C_C,A_G,T_T,C_C,T_T,C_C,G_G,C_C,A_C,G_G,A_C,G_G,A_A,G_G,C_C,C_C,T_T,C_C,A_A,G_T,A_A,G_G,G_G,A_A,C_C,A_G,A_A,A_A,G_G,C_C,C_T,A_C,T_T,G_G,G_G,C_C,C_T,C_C,A_A,C_C,A_G,T_T,C_T,G_G,C_T,G_G,A_A,A_A,T_T,C_G,C_C,C_C,C_C,C_T,G_G,C_C,G_G,T_T,T_T,A_A,A_A,A_G,A_A,C_C,C_T,C_T,C_C,T_T,C_C,A_A,C_T,G_G,C_C,C_C,A_G,T_T,T_T,T_T,C_C,T_T,A_C,G_G,T_T,G_G,C_C,G_G,C_T,A_A,T_T,T_T,A_A,G_G,T_T,T_T,C_C,G_T,G_G,C_C,C_G,A_A,C_C,A_A,A_G,G_G,A_G,C_C,G_G,G_G
NA18740,CHB,A_A,A_G,C_C,A_A,A_A,C_C,C_C,C_C,A_A,A_T,C_C,A_G,A_A,C_C,C_C,C_C,A_G,A_A,A_A,A_A,G_G,G_G,A_A,C_C,G_G,C_C,C_C,C_C,C_T,G_G,C_T,A_A,G_G,G_G,A_A,G_G,G_G,C_C,G_G,A_G,A_A,C_C,T_T,C_C,C_C,C_C,C_C,G_G,A_A,A_C,A_T,C_T,C_T,G_G,A_A,G_G,A_A,G_G,C_C,A_A,C_T,T_T,A_A,G_T,A_G,T_T,G_G,T_T,G_G,T_T,G_G,C_C,C_C,T_T,C_C,T_T,A_A,A_A,T_T,C_C,G_G,G_G,C_C,C_T,C_T,G_G,G_G,C_C,G_G,T_T,T_T,C_T,C_C,G_G,A_G,G_G,A_A,A_A,C_C,A_A,C_C,T_T,C_C,T_T,G_G,A_A,A_A,C_C,A_C,C_C,G_G,T_T,C_C,A_A,T_T,G_G,C_C,A_A,T_T,C_C,G_G,C_C,C_C,C_G,T_T,C_G,G_G,T_T,C_T,C_T,T_T,A_G,C_C,G_G,T_T,G_G,T_T,T_T,C_C,C_G,C_G,C_C,C_C,A_A,T_T,T_T,G_G,G_G,A_A,A_A,A_A,A_G,G_G,A_G,C_T,G_G,G_G,G_G,A_G,T_T,G_G,A_G,A_A,G_G,A_A,A_A,C_G,G_G,A_A,A_G,G_G,T_T,C_C,C_C,A_G,T_T,T_T,A_A,C_C,G_G,A_A,C_C,C_C,C_C,A_A,C_C,C_T,A_C,G_G,A_A,G_G,G_G,G_G,C_T,A_A,A_A,C_C,C_C,T_T,G_G,A_A,G_G,C_C,A_A,G_T,T_T,G_G,A_A,C_T,C_C,C_T,G_T,A_A,A_A,C_C,T_T,T_T,T_T,G_G,A_A,T_T,G_G,G_G,G_G,T_T,T_T,A_G,C_C,A_A,A_A,C_C,A_A,C_C,C_C,A_G,C_C,T_T,G_G,G_G,T_T,G_G,C_C,C_C,T_T,G_G,T_T,G_G,C_T,C_C,C_C,G_G,T_T,T_T,G_G,C_T,C_T,C_C,T_T,G_G,C_C,T_T,A_G,A_G,C_T,T_T,T_T,A_A,A_A,C_C,C_C,A_G,A_C,C_C,A_A,A_G,C_C,C_C,G_T,T_T,T_T,G_G,G_G,G_T,G_G,G_G,A_A,G_G,T_T,A_A,C_C,G_G,A_A,G_G,C_C,C_C,C_T,C_C,C_C,G_G,A_A,G_G,T_T,A_A,A_A,A_A,C_T,C_C,C_C,A_G,C_T,A_A,G_G,C_T,C_C,A_A,T_T,A_A,A_A,T_T,C_T,G_G,A_G,G_T,A_C,G_G,G_G,A_G,G_G,A_A,A_A,C_C,C_C,A_C,C_C,G_G,G_G,G_G,G_T,T_T,T_T,G_G,T_T,A_C,C_C,C_C,C_C,A_G,A_A,T_T,A_A,C_C,A_A,G_G,T_T,A_A,T_T,C_C,G_G,T_T,T_T,C_C,G_G,A_G,C_T,G_G,C_C,C_T,C_C,C_C,C_C,C_C,C_T,G_G,C_C,T_T,G_G,G_G,C_T,T_T,A_A,T_T,C_C,A_A,T_T,A_A,G_G,A_A,A_G,T_T,A_A,T_T,A_C,C_T,G_G,A_A,G_G,C_C,T_T,G_G,A_A,C_C,C_C,G_G,G_G,T_T,T_T,C_T,C_T,G_G,C_T,T_T,T_T,A_G,G_G,A_A,A_C,T_T,G_G,T_T,G_G,C_C,A_A,C_C,T_T,A_A,A_A,G_G,A_A,C_G,A_A,G_T,C_C,T_T,T_T,A_A,A_A,A_G,C_C,T_T,C_C,G_G,A_G,T_T,A_T,C_C,A_A,G_G,A_A,A_A,G_G,A_G,C_C,C_C,G_G,A_A,C_C,A_A,C_C,C_C,T_T,G_G,G_G,G_G,T_T,A_A,A_A,C_T,A_G,T_T,C_T,G_G,C_T,C_C,A_A,A_A,T_T,C_T,T_T,T_T,A_G,C_T,T_T,C_C,T_T,A_G,A_G,T_T,G_T,A_A,T_T,G_G,C_T,C_C,A_A,C_T,G_G,A_A,T_T,C_T,A_A,T_T,C_C,T_T,C_C,A_G,C_C,A_C,A_A,A_C,G_G,A_A,G_G,C_T,C_C,T_T,C_C,A_A,G_T,A_A,G_G,G_G,A_G,C_C,A_A,G_G,A_A,G_G,C_C,C_C,A_C,T_T,A_G,G_G,C_T,T_T,C_C,A_G,C_C,A_A,T_T,C_C,G_G,T_T,G_G,A_A,G_G,T_T,C_C,C_C,C_C,C_T,C_C,G_G,C_C,G_G,T_T,T_T,A_A,A_A,G_G,A_C,C_C,T_T,C_T,C_C,T_T,C_T,A_A,C_C,G_G,C_C,C_T,G_G,T_T,T_T,T_T,T_T,T_T,C_C,G_G,T_T,G_G,C_C,A_G,C_C,A_A,T_T,T_T,A_A,G_G,T_T,T_T,C_C,G_G,G_G,C_C,C_G,A_A,C_C,A_A,G_G,G_T,A_G,C_C,G_G,G_G
NA18524,CHB,A_A,G_G,C_C,A_G,A_A,C_T,C_C,C_C,G_G,T_T,C_C,G_G,A_A,C_C,C_C,C_C,G_G,A_A,A_A,A_A,G_G,G_G,A_A,C_C,G_T,T_T,C_T,C_C,C_C,G_G,C_T,A_A,G_G,G_G,A_A,G_G,G_G,C_C,G_G,A_G,A_A,T_T,C_C,C_C,C_T,C_C,C_T,A_A,A_A,A_C,T_T,T_T,C_C,G_G,A_A,G_G,A_G,G_G,C_C,A_A,T_T,T_T,A_A,G_T,A_G,T_T,G_G,T_T,G_G,T_T,G_G,T_T,C_C,T_T,C_C,T_T,A_A,C_C,C_T,A_C,G_G,G_G,C_C,C_C,C_C,G_G,G_G,C_C,G_G,T_T,T_T,C_C,C_C,G_G,A_G,G_G,A_A,A_A,G_G,A_A,C_C,A_T,C_C,T_T,C_G,C_C,A_G,C_C,A_A,C_C,G_G,T_T,C_C,A_A,T_T,G_G,C_T,A_A,T_T,C_C,G_G,C_C,C_C,G_G,C_C,C_C,G_G,T_T,C_T,C_T,T_T,A_G,C_C,G_G,T_T,A_G,T_T,C_T,C_C,G_G,C_G,C_C,C_C,G_G,C_T,C_T,G_G,G_G,G_G,A_A,A_A,A_A,G_G,G_G,T_T,G_G,G_G,G_G,A_G,T_T,A_G,A_G,A_A,G_G,A_A,A_G,G_G,A_A,A_A,A_A,G_G,T_T,C_C,C_C,A_A,T_T,T_T,A_A,C_C,G_G,C_C,C_T,C_C,C_C,A_G,C_C,C_C,C_C,G_G,A_A,G_G,A_A,G_T,C_C,A_A,A_A,C_T,G_G,C_T,G_G,A_A,C_G,C_C,A_A,G_G,T_T,G_G,A_A,C_T,C_C,T_T,G_G,A_A,A_A,C_C,T_T,T_T,T_T,G_G,A_A,T_T,G_G,G_G,G_G,T_T,T_T,G_G,C_C,A_A,A_A,C_C,A_A,C_C,T_T,A_A,C_C,T_T,G_G,G_G,T_T,G_G,C_C,C_C,C_T,G_G,T_T,G_G,C_T,C_C,C_C,A_G,C_T,C_T,G_G,T_T,T_T,C_C,T_T,G_G,T_T,C_C,G_G,A_G,T_T,T_T,T_T,A_A,A_A,C_C,C_T,A_A,C_C,T_T,A_A,A_A,C_G,C_C,G_T,T_T,T_T,G_G,G_T,G_T,G_G,G_G,A_A,G_G,T_T,A_A,C_T,G_G,A_A,G_G,C_C,C_C,C_T,C_T,C_T,G_G,A_G,G_T,C_C,A_A,A_A,A_G,T_T,C_C,A_C,A_G,C_T,A_A,G_G,C_C,C_G,A_C,T_T,A_A,G_G,T_T,T_T,A_A,A_A,T_T,A_A,G_T,G_G,G_G,G_G,A_A,A_A,C_C,C_C,C_C,C_T,A_G,G_G,A_G,G_T,T_T,C_C,A_G,C_T,C_C,C_C,A_A,C_T,G_G,A_A,T_T,A_A,C_C,A_A,G_T,T_T,A_A,C_T,C_C,G_G,T_T,T_T,C_C,G_G,G_G,T_T,G_G,C_C,C_T,C_C,C_C,C_C,C_C,C_T,G_G,C_C,T_T,A_A,A_G,T_T,T_T,A_A,T_T,C_C,A_A,T_T,A_A,G_G,A_C,G_G,T_T,A_A,T_T,C_C,T_T,G_G,A_A,G_G,C_C,C_C,G_G,A_A,C_C,G_G,G_G,G_G,T_T,G_T,C_T,C_C,A_G,C_T,T_T,C_C,G_G,G_G,A_A,A_C,T_T,G_G,T_T,G_G,C_C,A_G,C_C,T_T,G_G,A_C,G_G,A_A,C_G,A_A,G_T,T_T,T_T,T_T,A_A,A_A,A_A,C_C,C_T,C_T,G_G,A_A,T_T,A_T,C_C,A_G,T_T,A_A,A_G,A_G,G_G,C_T,C_T,G_G,G_G,C_C,A_A,C_C,C_T,T_T,G_G,G_G,A_G,T_T,A_A,A_A,C_T,A_G,T_T,T_T,G_G,T_T,C_C,A_A,A_A,T_T,T_T,T_T,T_T,G_G,T_T,T_T,C_C,T_T,G_G,G_G,T_T,G_T,A_A,T_T,G_G,T_T,C_C,A_A,C_T,G_G,A_A,T_T,C_C,A_A,T_T,C_C,T_T,C_C,G_G,C_C,C_C,A_G,A_A,G_G,A_G,G_G,C_C,C_T,T_T,C_C,A_A,G_G,A_A,G_G,G_G,A_G,C_C,A_A,G_G,A_A,G_G,C_C,T_T,A_A,T_T,A_A,G_G,T_T,T_T,C_C,A_G,C_C,A_A,T_T,C_T,A_G,T_T,G_G,A_A,A_G,T_T,G_G,C_C,C_C,C_C,T_T,G_G,C_C,G_G,T_T,T_T,A_A,A_A,G_G,A_A,C_C,T_T,T_T,C_C,T_T,C_C,A_G,C_C,G_G,C_C,C_C,G_G,T_T,C_T,T_T,C_C,T_T,C_C,G_G,T_T,G_G,C_C,G_G,C_T,A_A,T_T,T_T,A_A,G_G,T_T,T_T,C_C,G_G,G_G,C_C,C_C,A_A,C_C,A_A,A_G,G_G,A_A,C_C,G_G,G_G
NA18635,CHB,A_A,A_A,C_C,A_G,A_A,C_C,C_C,C_C,G_G,T_T,C_C,G_G,A_A,C_C,C_C,C_C,A_G,A_A,A_A,A_A,A_A,G_G,A_A,C_C,G_T,C_T,C_T,C_T,T_T,G_G,C_T,A_A,A_A,A_G,A_A,G_G,G_G,C_C,G_G,A_G,A_A,C_T,C_T,C_C,C_T,C_C,C_T,G_G,A_A,C_C,T_T,C_C,T_T,G_G,A_G,G_G,A_G,G_G,C_C,A_A,T_T,T_T,A_A,G_G,A_A,T_T,A_G,T_T,G_G,T_T,G_G,C_C,C_T,T_T,C_C,C_T,A_A,A_A,T_T,A_C,G_G,G_G,C_C,C_T,C_T,G_G,G_G,C_C,G_G,T_T,T_T,C_C,C_C,G_G,G_G,G_G,A_A,A_A,C_G,A_A,C_C,T_T,C_C,C_C,G_G,A_C,A_A,C_T,A_A,C_C,G_G,T_T,C_C,A_A,T_T,G_G,C_C,A_A,T_T,C_C,G_G,C_C,C_C,C_G,C_T,C_C,G_G,T_T,T_T,T_T,T_T,G_G,C_C,G_G,C_T,A_G,T_T,C_T,C_T,C_C,C_C,C_C,C_C,A_A,C_T,T_T,G_G,G_G,G_G,A_A,A_A,A_G,G_G,A_A,C_C,G_G,G_G,A_G,G_G,T_T,A_G,A_G,A_A,G_G,A_A,A_G,G_G,A_G,A_A,A_A,G_G,T_T,C_C,C_C,G_G,T_T,T_T,A_A,C_C,G_G,A_C,C_C,C_C,C_T,G_G,C_C,C_C,C_C,G_G,A_A,G_G,A_G,G_G,C_T,C_C,A_A,C_C,C_C,C_T,G_G,A_A,G_G,C_C,A_A,G_T,T_T,G_G,A_A,C_C,C_C,T_T,G_G,A_A,A_A,C_C,T_T,T_T,T_T,G_G,A_A,T_T,G_G,G_G,G_G,T_T,T_T,G_G,C_C,A_A,A_A,C_C,A_A,C_C,C_C,A_A,C_C,T_T,G_G,G_G,T_T,G_G,C_C,C_C,C_T,G_G,T_T,G_G,T_T,C_C,C_C,G_G,T_T,T_T,G_G,C_T,C_T,C_C,T_T,G_G,C_T,C_C,G_G,A_A,C_C,T_T,C_T,A_A,A_A,T_T,C_C,A_G,C_C,T_T,A_A,A_G,C_G,C_C,T_T,T_T,T_T,A_G,G_G,T_T,G_G,G_G,A_A,G_G,T_T,A_A,C_T,G_G,A_A,G_G,C_C,C_C,C_T,C_T,C_C,G_G,A_G,G_G,C_T,A_A,A_A,A_A,T_T,C_C,A_A,A_A,C_C,A_A,G_G,C_T,G_G,A_C,T_T,A_A,G_G,T_T,C_T,G_G,A_G,T_T,A_C,G_G,G_G,G_G,G_G,A_A,A_A,C_C,C_T,A_C,C_C,A_G,G_G,A_G,G_T,T_T,T_T,A_G,C_T,A_C,A_C,C_C,C_T,G_G,A_T,C_T,A_A,C_T,A_G,G_T,T_T,A_A,T_T,C_C,G_G,T_T,T_T,C_C,G_G,A_G,C_C,A_G,C_C,C_T,C_C,C_C,C_C,C_T,T_T,G_G,C_C,T_T,G_G,A_G,C_T,T_T,A_A,T_T,C_C,A_A,T_T,A_A,G_G,A_A,A_G,T_T,A_A,T_T,C_C,T_T,G_G,A_A,A_G,C_C,C_C,G_G,A_A,C_C,C_C,G_G,G_G,T_T,G_T,T_T,C_C,G_G,T_T,T_T,C_C,G_G,A_G,A_A,A_A,C_T,G_G,T_T,G_G,C_C,A_G,C_C,C_T,A_G,A_C,G_G,A_A,G_G,A_A,G_G,T_T,G_T,T_T,A_A,A_A,A_G,C_C,C_T,C_T,G_G,A_A,T_T,A_T,C_C,A_A,G_T,A_G,A_A,G_G,A_G,C_T,C_C,A_G,G_G,C_C,A_A,C_C,C_T,T_T,G_G,G_G,A_A,T_T,A_A,A_A,C_T,A_G,T_T,C_C,G_G,C_T,C_C,A_A,A_A,T_T,C_T,T_T,T_T,A_A,T_T,T_T,C_T,T_T,A_G,A_G,T_T,G_T,A_A,T_T,G_G,T_T,C_C,A_A,C_C,G_G,A_G,T_T,C_T,A_A,G_T,C_T,T_T,C_C,G_G,C_C,A_C,A_G,A_C,G_G,A_G,G_G,C_C,C_T,T_T,C_C,A_A,T_T,A_A,G_G,G_G,A_G,C_C,A_A,A_A,A_G,G_G,C_C,C_T,A_A,T_T,A_G,G_G,C_T,T_T,C_C,A_A,C_C,A_A,T_T,C_C,A_A,T_T,G_G,A_A,A_A,T_T,G_G,C_C,C_C,C_C,C_T,G_G,C_C,G_G,T_T,T_T,A_A,A_A,G_G,A_A,C_C,C_T,T_T,C_C,T_T,C_C,A_G,C_T,G_T,C_C,C_C,G_G,T_T,C_T,T_T,T_T,T_T,C_C,G_G,T_T,G_G,C_C,G_G,C_T,A_A,T_T,T_T,A_A,G_G,T_T,T_T,C_C,G_G,G_G,C_C,G_G,A_A,C_C,A_A,G_G,G_G,A_A,C_C,G_G,A_G
NA17965,CHD,A_A,A_A,C_C,A_G,A_A,C_T,C_C,C_C,A_G,T_T,C_C,A_G,A_A,C_C,C_C,C_C,G_G,A_A,A_A,A_A,A_G,G_G,A_A,C_T,G_T,T_T,C_T,C_C,C_C,G_G,C_T,A_A,G_G,G_G,A_A,G_G,G_G,C_C,G_G,A_G,A_A,C_T,C_C,C_T,T_T,C_C,C_C,A_G,A_G,A_A,T_T,C_C,T_T,G_G,A_A,G_G,A_A,G_G,C_C,A_A,C_T,A_T,A_A,G_G,G_G,G_T,G_G,T_T,G_G,T_T,G_G,C_C,C_T,T_T,C_T,T_T,A_A,A_C,T_T,C_C,G_G,G_G,C_C,C_T,T_T,A_G,G_G,C_C,G_G,T_T,T_T,C_C,C_C,C_G,A_G,G_G,A_A,A_A,C_G,A_A,C_C,A_T,C_C,C_T,G_G,A_A,A_G,C_C,A_A,C_C,G_G,T_T,C_C,A_A,T_T,G_G,C_C,A_A,T_T,C_C,G_G,C_C,C_C,G_G,C_T,C_G,G_G,T_T,C_C,C_T,T_T,A_G,C_C,G_G,C_T,A_G,C_T,C_T,C_C,C_G,C_G,C_C,C_C,A_A,T_T,C_T,G_G,G_G,A_G,A_A,G_G,A_A,G_G,A_G,C_T,G_G,G_G,G_G,A_A,T_T,A_A,G_G,A_A,G_G,A_A,A_A,G_G,G_G,A_A,A_A,G_G,T_T,C_C,C_C,A_A,T_T,T_T,A_A,C_C,G_G,C_C,C_C,C_C,C_C,A_A,C_C,C_T,C_C,G_G,A_A,G_G,G_G,G_T,C_C,A_C,A_A,C_C,G_G,T_T,G_G,A_A,G_G,C_C,A_A,T_T,T_T,G_G,A_A,C_C,C_C,T_T,G_G,A_A,A_A,C_C,T_T,T_T,T_T,G_G,A_A,T_T,G_G,G_G,G_G,T_T,T_T,G_G,C_C,A_A,A_A,C_C,A_A,C_C,C_C,A_A,C_C,T_T,G_G,G_G,T_T,G_G,A_C,C_C,T_T,A_G,T_T,G_G,C_T,C_T,C_C,G_G,C_T,T_T,G_G,T_T,C_T,C_C,T_T,A_G,C_T,C_T,A_G,A_A,C_T,T_T,C_T,A_A,A_A,C_C,C_T,A_G,C_C,C_C,A_A,A_A,C_C,C_C,T_T,T_T,C_T,G_G,G_T,T_T,G_G,A_G,A_A,G_G,T_T,A_A,C_T,G_G,A_A,G_G,C_C,C_C,C_T,C_C,C_C,G_G,G_G,G_G,C_C,A_G,A_A,A_A,T_T,C_C,C_C,G_G,T_T,A_A,G_G,C_T,C_G,A_C,T_T,A_A,A_G,T_T,T_T,G_G,A_G,T_T,C_C,G_G,G_G,A_G,G_G,A_A,A_A,C_T,C_T,C_C,C_C,A_G,G_G,A_G,G_G,C_T,C_C,G_G,T_T,C_C,C_C,A_A,C_C,G_G,A_A,T_T,A_G,C_C,A_A,G_G,T_T,A_A,T_T,C_C,C_G,T_T,T_T,C_C,G_G,G_G,C_C,A_A,C_C,C_C,C_C,C_C,C_C,C_C,C_T,G_G,C_C,T_T,A_G,G_G,T_T,T_T,A_A,T_T,C_C,A_A,T_T,A_A,G_T,A_C,A_G,T_T,A_G,T_T,A_C,T_T,G_G,A_A,A_G,C_C,C_C,G_G,A_A,C_C,C_C,A_G,G_G,T_T,T_T,C_T,C_T,G_G,C_T,T_T,C_C,A_G,A_G,A_A,A_A,C_T,G_G,T_T,G_G,C_C,A_A,C_C,T_T,G_G,A_A,G_G,A_G,G_G,A_A,?_?,C_T,T_T,T_T,A_A,A_A,A_A,C_C,T_T,C_C,G_G,A_A,T_T,T_T,C_C,A_A,G_T,A_A,A_G,G_G,A_G,C_C,C_C,A_G,A_G,C_C,A_A,C_C,C_T,T_T,G_G,G_G,A_G,T_T,A_A,A_A,C_T,A_G,T_T,C_C,G_G,C_T,C_C,A_A,A_A,T_T,T_T,T_T,T_T,A_G,T_T,T_T,C_C,T_T,A_A,A_A,T_T,G_G,A_A,T_T,G_G,T_T,C_C,A_A,C_C,G_G,A_G,T_T,C_C,A_A,T_T,C_C,T_T,C_C,G_G,C_C,A_C,A_G,C_C,G_G,G_G,G_G,C_T,C_C,T_T,C_C,A_A,G_T,A_A,G_G,G_G,A_A,C_C,A_A,A_G,A_A,G_G,C_C,C_C,A_A,T_T,A_G,G_G,C_C,T_T,C_C,A_G,C_C,A_A,T_T,C_C,A_G,T_T,G_G,A_A,A_A,T_T,G_G,C_C,C_C,C_C,C_T,G_G,C_C,G_G,T_T,T_T,A_A,A_A,G_G,A_A,C_C,T_T,T_T,C_C,T_T,C_C,A_G,C_C,G_G,C_C,C_C,G_G,T_T,T_T,T_T,T_T,T_T,C_C,G_G,T_T,G_G,C_C,G_G,C_T,A_A,T_T,T_T,A_A,G_G,T_T,T_T,C_C,G_G,G_G,C_C,C_C,A_A,C_C,A_A,A_A,G_G,A_G,C_C,G_G,G_G
NA17967,CHD,A_G,G_G,C_C,A_G,A_A,T_T,C_T,C_C,A_G,T_T,C_T,A_G,A_A,C_T,C_C,C_C,G_G,A_A,A_A,A_A,A_G,G_G,A_A,C_T,G_G,T_T,C_T,C_C,C_C,G_G,T_T,A_A,G_G,G_G,A_A,G_G,G_T,C_C,G_G,G_G,A_A,C_T,C_C,C_C,C_T,C_C,C_T,A_G,A_G,A_C,T_T,C_T,C_T,G_G,A_A,G_G,A_G,G_G,C_C,A_A,C_T,T_T,A_A,G_T,A_G,T_T,G_G,T_T,G_G,T_T,G_G,C_T,C_C,T_T,C_T,T_T,A_A,A_C,T_T,A_C,G_G,G_G,C_C,C_T,C_C,G_G,A_G,C_T,G_G,T_T,T_T,C_C,C_C,G_G,G_G,G_G,A_A,A_A,C_G,A_A,C_C,A_T,C_C,C_T,C_G,C_C,A_A,C_C,A_A,C_C,G_G,T_T,C_C,A_A,T_T,G_G,C_C,A_A,T_T,C_C,G_G,C_C,C_C,C_G,C_T,C_C,G_G,T_T,C_C,T_T,T_T,A_G,C_C,G_G,C_T,A_G,T_T,T_T,C_C,C_C,G_G,C_C,C_C,A_A,T_T,T_T,G_G,G_G,A_A,A_A,G_G,A_A,G_G,A_G,C_C,G_G,G_G,G_G,G_G,T_T,G_G,G_G,A_C,G_G,A_A,A_A,C_G,A_A,A_A,A_G,G_G,T_T,C_C,C_C,A_A,G_G,T_T,A_A,C_C,G_G,A_C,C_C,C_C,C_C,G_G,A_C,C_T,C_C,G_G,A_A,G_G,A_G,G_T,C_C,A_A,A_A,C_T,G_G,T_T,G_G,A_A,G_G,C_C,A_A,T_T,T_T,G_G,A_A,C_T,C_C,T_T,G_G,A_A,A_A,C_C,T_T,T_T,T_T,G_G,A_A,T_T,G_G,G_G,G_G,G_T,T_T,G_G,C_C,A_A,A_A,C_C,A_A,C_C,C_C,A_A,C_C,T_T,G_G,G_G,T_T,G_G,C_C,C_C,T_T,G_G,T_T,G_G,C_T,C_C,C_C,G_G,T_T,T_T,G_G,T_T,C_T,C_C,T_T,A_G,C_T,C_T,G_G,A_A,C_C,T_T,T_T,A_A,A_A,C_C,C_T,G_G,C_C,C_C,A_G,A_A,C_G,C_C,T_T,T_T,C_T,G_G,G_G,T_T,G_G,G_G,A_A,G_G,T_T,A_A,C_T,G_G,A_A,G_G,C_C,C_C,T_T,C_C,C_C,G_G,G_G,G_G,C_C,G_G,A_A,A_G,T_T,C_C,A_A,G_G,T_T,A_A,G_G,C_C,C_G,A_A,T_T,A_A,A_G,?_?,C_T,A_A,A_G,T_T,C_C,G_G,G_G,A_A,G_G,A_A,A_A,C_C,C_C,C_C,C_C,A_A,G_G,G_G,G_T,T_T,C_C,G_G,T_T,C_C,C_C,A_A,C_C,G_G,A_A,T_T,A_A,C_C,A_A,G_T,T_T,A_A,T_T,C_C,G_G,T_T,T_T,C_C,G_G,A_G,C_C,A_A,C_C,C_T,C_C,C_C,C_C,C_C,C_T,G_G,C_C,T_T,A_G,G_G,C_T,T_T,A_A,T_T,C_C,A_G,T_T,A_A,G_G,A_A,A_A,T_T,A_A,C_T,C_C,T_T,G_G,A_A,A_G,C_C,C_C,G_G,A_A,C_C,C_C,A_G,G_G,T_T,G_T,T_T,C_C,G_G,?_?,T_T,C_T,G_G,G_G,A_A,A_A,T_T,G_G,T_T,G_G,C_C,A_G,C_C,T_T,G_G,A_A,G_G,A_A,G_G,A_A,G_T,T_T,T_T,T_T,A_A,A_A,A_A,C_C,T_T,C_T,G_G,A_A,T_T,A_T,C_C,A_G,T_T,A_A,A_A,G_G,A_G,C_C,C_C,G_G,G_G,C_C,A_A,C_C,C_T,T_T,G_G,G_G,A_A,T_T,A_A,A_A,C_T,A_G,T_T,C_C,G_T,C_T,C_C,A_G,A_A,T_T,T_T,T_T,T_T,G_G,C_T,T_T,C_T,T_T,G_G,A_G,T_T,G_G,A_A,T_T,G_G,T_T,C_C,A_A,C_C,G_G,A_G,T_T,C_C,A_A,T_T,C_C,T_T,C_C,G_G,C_C,A_C,A_A,A_A,G_G,A_G,G_G,C_C,C_T,T_T,C_C,A_A,G_G,A_A,G_G,G_G,A_A,C_C,A_A,A_G,A_A,G_G,C_C,C_T,A_C,T_T,A_G,G_G,C_C,T_T,C_C,A_G,C_T,A_A,T_T,C_C,A_G,T_T,A_G,A_A,A_G,T_T,C_G,C_C,C_C,C_T,T_T,G_G,C_C,G_G,T_T,T_T,A_A,A_A,G_G,A_A,C_C,T_T,T_T,C_C,T_T,C_C,A_G,C_T,G_G,C_C,C_C,G_G,T_T,T_T,T_T,C_C,T_T,C_C,G_G,T_T,G_T,C_C,G_G,C_C,A_A,T_T,T_T,A_A,G_G,T_T,T_T,C_C,G_T,G_G,C_C,C_G,A_A,C_C,A_A,A_G,G_G,A_G,C_C,G_G,A_G
NA17969,CHD,A_A,A_G,C_C,A_G,A_A,C_T,C_C,C_C,G_G,T_T,C_C,A_G,A_A,C_C,C_C,C_C,G_G,A_A,A_A,A_A,A_G,G_G,A_G,C_C,G_G,C_T,C_T,C_C,C_T,G_G,C_C,A_A,A_G,A_A,A_A,G_G,G_G,T_T,G_G,A_G,A_C,C_T,C_T,C_C,T_T,C_C,C_C,G_G,A_A,C_C,A_T,C_T,C_T,G_G,A_A,G_G,A_G,G_G,C_C,A_A,C_T,T_T,A_A,G_T,A_G,G_T,A_G,T_T,G_G,T_T,G_G,C_T,C_C,T_T,C_T,T_T,A_A,A_C,T_T,A_C,G_G,G_G,C_C,C_C,C_C,G_G,G_G,C_C,G_G,T_T,T_T,C_C,C_C,C_G,G_G,G_G,A_A,A_A,C_C,A_A,C_C,T_T,C_C,C_T,G_G,A_C,A_A,C_C,A_A,C_C,G_G,T_T,C_C,A_A,T_T,G_G,C_C,A_A,T_T,C_C,G_G,C_C,C_C,C_G,T_T,C_C,A_G,C_T,T_T,T_T,T_T,A_G,C_C,G_G,T_T,A_A,T_T,T_T,C_C,G_G,C_G,C_C,C_C,A_A,T_T,C_T,G_G,G_G,A_G,A_A,A_G,A_A,G_G,G_G,T_T,G_G,G_G,G_G,G_G,T_T,A_A,A_G,A_A,A_A,A_A,A_A,G_G,G_G,A_A,A_A,G_G,T_T,C_C,T_T,A_A,T_T,C_T,A_A,C_C,G_G,C_C,C_C,C_C,C_C,G_G,A_C,C_T,C_C,G_G,A_A,G_G,G_G,G_T,C_C,A_A,A_A,C_C,C_G,T_T,G_G,A_A,G_G,C_C,A_A,G_G,T_T,G_G,A_A,C_T,C_C,T_T,G_T,A_A,A_A,C_C,T_T,T_T,T_T,G_G,A_A,T_T,G_G,G_G,A_G,T_T,T_T,G_G,C_C,A_C,A_G,C_T,A_G,C_C,C_C,A_A,C_C,T_T,G_G,G_G,C_T,G_G,A_C,C_C,T_T,G_G,T_T,G_G,C_T,C_T,C_C,G_G,C_T,T_T,G_G,T_T,C_T,C_C,T_T,A_G,T_T,C_C,A_G,A_A,C_T,T_T,T_T,A_A,A_A,C_T,C_T,G_G,C_C,T_T,A_A,G_G,C_C,C_C,G_G,T_T,C_T,G_G,G_G,T_T,A_G,G_G,A_G,G_G,T_T,A_A,T_T,G_G,A_A,G_G,C_C,C_T,T_T,C_T,C_C,G_G,A_A,G_G,C_C,A_G,A_A,A_G,C_T,C_C,A_C,G_G,T_T,A_A,G_G,C_C,C_G,A_A,T_T,A_A,A_G,T_T,T_T,G_G,A_G,T_T,A_C,G_G,G_G,A_G,G_G,A_A,A_A,C_T,C_C,A_C,C_C,A_A,G_G,A_G,G_T,T_T,T_T,G_G,T_T,A_C,A_C,C_C,C_C,G_G,A_A,T_T,A_G,C_C,A_A,G_G,T_T,A_A,C_T,C_C,G_G,T_T,T_T,C_C,G_G,G_G,C_C,G_G,C_C,T_T,C_C,C_C,C_C,C_C,T_T,G_G,C_C,T_T,A_G,G_G,C_T,T_T,A_A,T_T,C_C,A_A,T_T,A_G,G_G,A_A,A_G,T_T,A_A,T_T,A_A,T_T,A_G,A_A,G_G,C_C,C_C,A_A,A_A,C_C,C_C,G_G,G_G,T_T,G_T,T_T,C_C,G_G,C_C,T_T,C_T,A_A,G_G,A_A,A_A,C_T,G_T,T_T,G_G,C_C,A_G,C_C,T_T,A_G,A_C,G_G,A_G,G_G,A_A,G_G,C_T,G_T,T_T,A_A,A_A,A_A,C_C,T_T,T_T,G_G,A_G,C_T,A_T,T_T,A_A,G_G,A_G,G_G,G_G,A_G,C_C,C_C,G_G,A_G,C_C,A_A,C_C,C_T,T_T,G_G,G_G,A_G,T_T,A_A,A_A,T_T,A_G,T_T,C_T,G_G,C_C,C_C,A_A,A_A,T_T,T_T,T_T,T_T,G_G,T_T,C_T,C_C,T_T,A_G,G_G,T_T,G_T,A_A,T_T,G_G,T_T,C_C,A_A,C_C,G_G,A_G,T_T,C_C,A_A,T_T,C_C,T_T,C_C,A_G,C_C,A_A,A_A,C_C,G_G,G_G,G_G,C_C,C_C,T_T,C_T,A_A,G_T,A_A,G_G,A_G,A_A,C_T,A_A,A_G,A_A,G_G,C_C,C_T,A_C,T_T,A_G,G_G,C_T,T_T,C_C,A_A,C_C,A_A,T_T,C_C,A_G,T_T,G_G,A_A,A_A,T_T,C_C,C_C,C_C,C_C,T_T,G_G,C_C,G_G,T_T,T_T,A_A,A_A,G_G,A_A,C_C,T_T,T_T,C_C,T_T,C_C,A_A,C_T,G_G,C_C,C_C,A_G,T_T,T_T,T_T,T_T,T_T,C_C,G_G,T_T,G_G,C_C,A_G,C_C,A_A,T_T,T_T,A_A,G_G,T_T,T_T,C_C,G_G,G_G,C_C,G_G,A_A,C_T,A_A,G_G,T_T,A_A,C_C,G_G,G_G
NA17983,CHD,A_A,A_A,C_C,G_G,A_G,C_T,C_C,C_C,A_G,T_T,C_C,A_G,A_A,C_T,C_C,C_C,G_G,A_A,A_A,A_A,A_A,G_G,A_A,C_T,G_G,C_T,C_T,C_C,T_T,G_G,C_C,A_A,A_G,G_G,A_A,G_G,G_T,C_T,G_G,G_G,A_A,C_T,C_T,C_C,T_T,C_C,C_T,A_A,G_G,A_C,T_T,C_C,C_T,G_G,A_A,G_G,G_G,G_G,C_C,A_A,T_T,T_T,A_A,G_T,A_G,T_T,G_G,T_T,G_G,T_T,G_G,C_C,C_C,T_T,C_C,T_T,A_A,A_A,T_T,C_C,G_G,G_G,C_C,C_T,C_C,G_G,G_G,C_T,G_G,T_T,T_T,C_C,C_C,G_G,G_G,A_A,A_A,A_A,C_C,A_A,C_C,T_T,C_C,C_T,C_G,A_C,A_G,C_C,A_A,C_C,G_G,T_T,C_C,A_A,T_T,G_G,C_T,A_A,T_T,C_C,G_G,C_C,C_C,G_G,C_T,C_C,G_G,T_T,C_C,C_T,A_A,G_G,C_C,G_G,T_T,G_G,C_T,T_T,C_C,C_G,C_G,C_C,C_C,A_G,C_T,C_T,G_G,A_G,A_G,A_A,A_G,A_A,G_G,A_G,C_T,G_G,G_G,G_G,G_G,T_T,A_G,A_G,A_A,A_G,A_A,A_G,C_G,G_G,A_A,A_A,G_G,T_T,C_C,C_T,A_G,T_T,T_T,A_A,C_C,G_G,A_C,C_C,C_C,C_C,A_A,A_C,C_C,C_C,G_G,A_A,G_G,A_G,G_T,C_C,A_A,A_A,C_C,G_G,T_T,G_G,A_A,G_G,C_C,A_A,T_T,T_T,G_G,A_A,C_T,C_C,C_T,G_G,A_A,A_A,C_C,T_T,T_T,T_T,G_G,A_A,T_T,G_G,G_G,G_G,T_T,T_T,G_G,C_C,A_C,A_G,C_T,A_G,C_C,C_C,A_A,C_C,T_T,G_G,G_G,T_T,G_G,C_C,C_C,T_T,G_G,T_T,G_G,C_C,C_C,C_C,G_G,T_T,C_T,G_G,C_T,T_T,C_C,T_T,A_G,C_T,T_T,G_G,A_A,T_T,T_T,T_T,A_A,G_G,C_C,C_C,A_G,C_C,C_C,A_A,A_A,C_C,C_C,G_T,T_T,C_T,G_G,G_G,G_T,G_G,G_G,A_A,G_G,T_T,A_A,T_T,G_G,A_A,G_G,C_C,C_C,T_T,C_T,C_C,G_G,G_G,G_G,C_C,A_A,A_A,A_G,C_T,C_C,A_C,A_G,C_T,A_A,G_G,C_C,C_C,A_C,T_T,A_G,A_A,T_T,C_T,A_G,A_G,T_T,A_C,G_T,G_G,A_A,G_G,A_A,A_A,C_C,C_C,A_A,C_C,A_A,G_G,A_G,T_T,C_T,C_C,A_G,C_T,C_C,C_C,A_A,C_T,G_G,A_A,T_T,A_A,C_C,A_A,G_G,T_T,A_A,T_T,C_C,G_G,T_T,T_T,C_C,G_G,A_G,C_T,A_G,C_C,C_T,C_C,C_C,C_C,C_C,C_T,G_G,C_C,T_T,A_A,G_G,C_T,T_T,A_A,T_T,C_C,A_A,T_T,A_A,G_G,A_A,A_G,T_T,A_A,T_T,A_A,C_C,A_G,A_A,G_G,C_C,C_C,A_G,A_A,C_C,C_C,G_G,G_G,T_T,G_T,T_T,C_T,G_G,T_T,T_T,C_T,G_G,A_G,A_A,A_A,T_T,G_G,T_T,G_G,C_C,A_G,C_C,T_T,A_G,A_A,G_G,A_G,C_C,A_A,G_T,T_T,T_T,T_T,A_C,A_A,A_A,C_C,C_T,C_C,G_G,G_G,C_T,T_T,C_C,A_G,T_T,A_A,A_G,G_G,G_G,C_C,C_C,G_G,A_G,C_C,A_A,C_T,C_T,T_T,G_G,G_G,A_A,T_T,A_G,A_A,C_C,A_G,T_T,T_T,G_G,C_T,C_C,A_A,A_A,C_T,C_T,C_T,T_T,G_G,T_T,T_T,C_T,C_T,A_A,G_G,T_T,T_T,A_A,T_T,G_G,T_T,C_C,A_A,C_T,G_G,A_A,T_T,C_C,A_A,T_T,C_C,T_T,C_C,G_G,C_T,C_C,A_G,C_C,G_G,A_G,G_G,C_C,C_C,T_T,T_T,A_A,T_T,A_A,A_G,G_G,A_A,C_C,A_A,A_G,A_A,G_G,C_T,C_C,A_C,C_T,A_G,G_G,C_C,T_T,C_C,A_G,C_C,A_A,T_T,C_T,A_G,T_T,G_G,A_A,A_A,T_T,C_G,C_C,C_C,C_T,C_T,G_G,C_C,G_G,T_T,T_T,A_A,A_A,G_G,A_C,C_C,T_T,T_T,C_C,T_T,C_C,A_G,C_T,G_G,C_C,C_C,G_G,T_T,T_T,T_T,C_T,T_T,C_C,G_G,T_T,G_G,C_T,G_G,C_C,A_A,T_T,T_T,A_A,G_G,T_T,T_T,C_C,G_T,G_G,C_C,G_G,A_A,C_C,A_A,G_G,G_G,A_G,C_C,G_G,A_G
NA18117,CHD,A_A,A_A,C_C,A_A,A_A,C_T,C_C,C_C,A_G,T_T,C_C,A_A,A_A,C_C,C_C,C_C,A_G,A_A,A_A,A_A,A_G,G_G,A_A,C_C,G_G,C_T,C_C,C_T,C_T,G_G,T_T,A_A,G_G,G_G,A_A,G_G,G_T,C_C,G_G,G_G,A_A,C_T,C_T,C_C,C_T,C_C,C_T,G_G,A_A,A_C,T_T,C_C,C_T,G_G,A_A,G_G,A_G,G_G,C_C,A_A,T_T,T_T,A_A,G_G,A_A,G_T,G_G,T_T,G_G,T_T,G_G,C_T,C_C,T_T,C_C,T_T,A_A,A_C,T_T,A_C,G_G,G_G,C_C,C_T,C_T,G_G,G_G,C_C,G_G,T_T,T_T,C_C,C_C,G_G,A_A,G_G,T_T,A_A,C_C,A_A,C_C,T_T,C_C,C_T,C_G,A_C,A_A,C_C,A_A,C_C,A_G,T_T,C_C,A_A,T_T,G_G,C_C,A_A,T_T,C_C,G_G,C_C,C_C,G_G,C_C,C_C,G_G,T_T,T_T,T_T,T_T,G_G,C_C,G_G,T_T,G_G,T_T,T_T,C_C,C_G,C_G,C_C,C_C,A_A,T_T,C_C,C_G,G_G,A_A,A_A,A_G,A_A,G_G,A_G,C_C,G_G,G_G,G_G,G_G,T_T,G_G,A_G,A_A,G_G,A_A,A_A,C_G,G_G,A_A,A_A,G_G,T_T,C_C,C_C,A_G,G_T,T_T,A_A,C_C,G_G,C_C,C_C,C_C,C_C,G_G,C_C,C_C,C_C,G_G,A_A,G_G,A_G,G_G,C_C,A_A,A_A,C_C,C_G,C_T,G_G,A_A,G_G,C_C,A_A,G_T,T_T,G_G,A_A,C_C,C_C,T_T,G_G,A_A,A_A,C_C,T_T,T_T,T_T,G_G,A_A,T_T,G_G,G_G,A_G,T_T,T_T,G_G,C_C,A_A,A_A,C_C,A_A,C_C,C_C,A_A,C_C,T_T,A_G,G_G,T_T,G_G,C_C,C_C,T_T,G_G,T_T,G_G,C_T,C_C,C_C,G_G,C_T,T_T,G_G,T_T,C_T,C_C,T_T,G_G,C_T,C_C,G_G,A_A,C_T,T_T,C_T,A_A,A_A,C_T,C_T,G_G,C_C,C_T,A_A,A_G,C_G,C_C,G_T,T_T,T_T,A_A,G_T,T_T,G_G,G_G,A_A,G_G,T_T,A_A,T_T,G_G,A_A,G_G,C_C,C_T,C_T,C_T,C_C,G_G,A_G,G_G,C_C,A_G,A_A,A_A,T_T,C_T,A_A,G_G,T_T,A_A,G_G,C_C,C_C,A_C,T_T,A_A,G_G,T_T,C_T,G_G,A_G,T_T,C_C,G_G,G_G,A_A,G_G,A_A,A_A,C_C,C_T,A_C,C_C,A_G,G_G,G_G,G_T,C_C,C_T,G_G,T_T,C_C,C_C,A_C,C_C,G_G,A_T,C_T,A_G,C_T,A_G,T_T,T_T,A_A,C_T,C_C,G_G,T_T,T_T,C_C,G_G,G_G,C_C,G_G,C_C,T_T,C_C,C_C,C_T,C_T,T_T,G_G,C_C,T_T,G_G,A_G,C_T,T_T,A_A,T_T,C_C,A_A,T_T,A_A,G_T,A_A,G_G,T_T,A_A,C_T,A_C,T_T,G_G,A_A,A_G,C_C,C_C,G_G,A_A,C_C,C_C,A_G,G_G,T_T,G_T,T_T,C_T,G_G,C_T,T_T,C_C,A_A,G_G,A_A,A_A,T_T,G_G,T_T,G_G,C_C,A_G,C_C,C_T,A_A,C_C,G_G,A_G,G_G,A_A,G_G,C_T,T_T,T_T,A_A,A_A,A_A,C_T,C_T,C_T,G_G,A_A,T_T,A_A,C_T,A_G,G_T,A_A,A_G,G_G,G_G,C_T,C_C,A_G,A_G,C_C,A_A,C_C,C_T,T_T,G_G,G_G,A_A,T_T,A_A,A_A,T_T,A_G,T_T,C_C,G_G,C_T,C_C,A_A,A_A,T_T,T_T,T_T,T_T,G_G,T_T,T_T,C_C,T_T,A_A,A_G,T_T,G_T,A_A,T_T,G_G,T_T,C_C,A_A,C_T,G_G,A_A,T_T,C_C,A_A,G_T,C_T,T_T,C_C,G_G,C_C,C_C,A_A,A_A,G_G,A_G,G_G,C_C,C_C,T_T,C_T,A_A,G_G,A_A,G_G,G_G,A_A,C_C,A_A,A_A,A_A,A_G,C_C,C_C,A_A,T_T,A_G,G_G,C_T,T_T,C_C,A_A,C_C,A_A,T_T,C_C,A_G,T_T,A_G,A_A,A_A,T_T,C_C,C_C,C_C,C_T,T_T,G_G,C_C,G_G,T_T,T_T,A_A,A_A,G_G,A_A,C_T,T_T,T_T,C_C,T_T,C_C,A_A,C_C,G_G,C_C,C_C,G_G,T_T,T_T,C_T,T_T,T_T,C_C,G_G,T_T,G_G,C_C,G_G,C_T,A_A,T_T,T_T,A_A,G_G,T_T,T_T,C_C,G_G,G_G,C_C,G_G,A_A,C_C,A_A,G_G,G_T,A_A,C_C,G_G,A_G
NA19058,JPT,A_G,A_G,C_C,A_G,A_A,T_T,C_T,C_C,A_G,T_T,C_T,A_G,A_A,C_C,C_C,C_T,A_A,A_A,A_A,A_G,A_G,A_G,A_A,C_T,G_G,C_T,C_C,C_C,T_T,G_G,C_T,A_A,G_G,A_G,A_A,G_G,G_T,T_T,A_G,A_G,A_A,C_T,C_T,C_C,T_T,C_C,C_T,G_G,G_G,C_C,A_T,C_T,C_T,G_G,A_A,G_G,A_A,G_G,C_C,A_A,T_T,T_T,A_G,G_T,A_G,G_T,A_A,A_T,A_G,C_T,G_T,T_T,C_C,C_T,C_C,T_T,A_A,C_C,T_T,A_C,G_G,G_G,C_C,C_T,C_T,G_G,A_G,C_T,A_G,T_T,C_T,C_C,A_C,G_G,A_A,A_G,A_A,A_A,C_C,A_A,C_C,A_A,C_C,C_C,G_G,A_C,A_G,C_C,A_C,A_C,G_G,T_T,C_T,A_A,T_T,G_G,C_C,A_A,T_T,C_C,G_G,C_C,C_C,G_G,C_C,C_G,A_G,C_T,C_C,T_T,A_T,G_G,C_C,G_G,T_T,A_G,C_T,C_T,C_T,C_C,C_G,C_C,C_C,A_A,T_T,C_C,G_G,G_G,G_G,A_A,A_A,A_A,G_G,G_G,C_T,A_G,G_G,G_G,A_G,T_T,G_G,A_G,A_A,A_G,A_A,G_G,C_G,A_G,A_A,A_G,G_G,T_T,C_C,C_T,A_G,T_T,T_T,A_A,C_C,G_G,A_A,C_T,C_C,C_C,G_G,A_C,C_T,C_C,G_G,A_G,G_G,A_G,G_G,C_C,C_C,A_A,C_C,G_G,T_T,G_G,A_A,C_G,C_T,A_A,G_T,T_T,G_G,A_A,C_T,C_C,T_T,G_G,A_A,A_C,C_C,G_T,T_T,T_T,G_G,A_G,T_T,G_G,G_G,G_G,T_T,C_T,G_G,C_C,A_A,A_A,C_C,A_A,C_C,C_C,A_A,C_C,T_T,A_G,G_G,C_T,A_G,C_C,C_C,C_T,G_G,T_T,G_G,C_T,C_C,C_C,G_G,T_T,T_T,G_G,T_T,C_T,C_C,C_T,A_A,T_T,C_C,A_G,A_A,C_T,T_T,T_T,A_A,A_G,C_C,C_C,A_G,C_C,C_T,A_A,A_A,C_C,C_T,T_T,T_T,C_T,A_G,G_T,T_T,A_G,A_G,A_A,G_G,T_T,A_A,C_T,G_G,A_A,G_G,C_C,T_T,C_C,T_T,C_C,G_G,A_G,G_T,C_T,A_A,A_A,G_G,T_T,T_T,A_A,A_A,C_C,A_A,G_G,C_C,C_C,A_C,C_T,A_A,G_G,T_T,T_T,A_G,A_G,T_T,A_A,G_G,G_G,A_G,G_G,A_A,A_A,C_C,C_T,A_C,C_C,A_A,G_G,A_G,G_G,T_T,C_T,G_G,T_T,C_C,C_C,A_C,C_C,G_G,A_A,T_T,A_A,C_C,A_A,G_G,T_T,A_A,T_T,C_C,C_G,C_T,C_T,C_T,G_G,G_G,C_C,A_G,C_C,C_T,C_C,C_C,C_C,C_C,C_T,G_G,C_C,C_T,A_A,G_G,T_T,T_T,A_A,T_T,C_C,A_A,T_T,A_A,G_G,A_C,A_G,T_T,A_A,C_T,A_C,T_T,G_G,A_A,G_G,C_C,C_C,A_G,A_A,C_C,C_C,G_G,G_G,T_T,T_T,C_T,C_T,A_G,C_T,T_T,C_C,A_A,A_G,A_G,C_C,T_T,G_T,C_T,G_G,C_C,A_G,C_C,T_T,A_G,A_C,G_G,A_A,G_G,A_A,G_T,C_C,T_T,T_T,A_A,A_A,A_A,C_C,C_T,C_C,G_G,G_G,T_T,A_A,C_T,A_G,G_G,A_G,A_A,G_G,A_G,C_C,C_C,A_G,A_G,C_C,A_C,C_C,C_C,T_T,G_G,G_G,A_A,T_T,A_A,A_A,C_T,A_G,G_T,C_C,G_G,C_T,C_C,A_A,A_T,T_T,T_T,T_T,T_T,A_G,T_T,C_T,C_T,T_T,A_G,A_G,T_T,G_G,A_A,T_T,G_G,C_T,C_T,A_A,C_T,G_G,A_A,T_T,C_C,A_A,T_T,C_C,T_T,C_C,G_G,C_C,A_C,A_G,A_C,G_G,G_G,G_G,C_C,C_C,T_T,C_T,A_A,G_T,A_A,G_G,A_G,A_G,C_T,A_A,A_A,A_A,G_G,C_C,T_T,A_A,T_T,A_A,G_G,C_C,T_T,C_C,A_G,C_C,A_A,T_T,C_T,A_G,T_T,A_G,A_A,A_A,T_T,G_G,C_C,C_C,C_T,C_T,G_G,C_C,A_G,T_T,C_T,A_A,A_A,G_G,A_C,C_C,C_C,T_T,C_T,T_T,C_C,G_G,C_C,G_T,C_T,C_C,G_G,C_T,C_T,T_T,C_T,G_T,C_C,G_G,T_T,G_G,C_C,A_G,C_C,A_A,T_T,T_T,A_A,G_G,C_T,C_T,C_T,G_G,G_T,C_T,C_G,A_A,C_C,A_A,A_G,G_G,A_A,C_T,G_G,G_G
NA18993,JPT,A_A,A_G,C_C,G_G,A_A,C_T,C_C,C_C,A_G,T_T,C_C,A_G,A_A,C_C,C_C,C_T,A_G,A_G,A_A,A_A,A_G,A_G,A_A,C_C,G_G,T_T,C_C,C_T,C_T,G_G,C_C,A_A,G_G,G_G,A_A,G_G,G_G,C_T,A_G,G_G,A_A,C_C,C_C,C_T,C_C,C_C,C_T,A_A,A_G,C_C,T_T,C_C,C_T,G_G,A_A,G_G,A_G,G_G,C_C,A_A,T_T,T_T,A_A,G_T,A_A,T_T,A_A,A_T,A_G,C_T,G_T,C_C,C_C,T_T,C_C,T_T,A_A,A_A,T_T,A_A,G_G,G_G,C_C,C_C,C_T,G_G,A_A,C_T,A_G,G_T,T_T,C_C,C_C,C_G,G_G,G_G,A_T,A_A,C_C,A_A,C_C,T_T,C_C,T_T,G_G,C_C,A_G,C_C,A_C,C_C,A_G,T_T,C_C,A_A,T_T,G_G,C_C,A_A,T_T,C_C,G_G,C_C,A_C,G_G,C_C,G_G,A_G,C_T,C_T,T_T,A_T,A_G,C_C,G_G,C_T,G_G,C_T,C_T,C_C,C_C,C_G,C_C,C_C,A_A,C_C,C_C,G_G,A_G,G_G,A_A,G_G,A_A,G_G,G_G,C_C,G_G,G_G,G_G,G_G,T_T,G_G,A_G,A_A,A_G,A_A,A_G,C_C,A_G,A_A,A_G,G_G,T_T,C_C,C_T,A_G,G_T,T_T,A_A,C_C,G_G,C_C,C_C,C_T,C_T,A_G,A_C,C_C,C_C,A_G,A_A,G_G,G_G,G_T,C_C,A_A,A_A,C_C,G_G,T_T,G_G,A_A,G_G,C_T,A_G,T_T,T_T,A_G,A_A,C_C,C_C,T_T,G_G,A_A,A_A,C_C,T_T,T_T,T_T,G_G,A_A,T_T,G_G,G_G,G_G,T_T,T_T,G_G,C_C,A_C,A_G,C_T,A_A,C_C,C_C,A_A,C_C,T_T,A_G,G_G,C_T,G_G,A_C,C_T,T_T,G_G,T_T,G_G,C_C,C_T,C_C,G_G,T_T,T_T,G_G,T_T,C_T,C_C,C_T,A_G,C_C,C_C,G_G,A_A,C_C,T_T,C_T,A_A,A_A,C_C,C_T,G_G,C_C,C_T,A_A,A_A,C_C,C_C,G_T,T_T,T_T,A_G,G_G,T_T,G_G,G_G,A_A,G_G,C_T,A_G,C_T,A_G,A_A,G_G,C_C,C_T,C_T,C_C,C_C,G_G,A_G,G_G,C_T,A_G,A_A,A_A,T_T,C_C,A_C,A_G,C_T,A_G,G_G,C_T,C_G,A_C,T_T,A_G,G_G,T_T,T_T,A_G,A_G,T_T,A_C,G_T,A_G,G_G,G_G,A_A,A_A,C_C,C_T,C_C,C_C,A_A,A_G,G_G,G_G,C_T,C_C,A_A,T_T,C_C,A_C,A_A,C_C,G_G,A_A,T_T,A_A,C_C,A_A,G_T,T_T,A_A,T_T,C_C,C_G,C_T,C_T,C_T,G_G,A_G,C_C,G_G,C_C,C_T,C_C,C_G,C_C,C_C,C_C,G_G,C_C,T_T,A_A,A_G,C_C,C_T,A_A,T_T,C_C,A_A,T_T,A_G,T_T,C_C,G_G,T_T,A_G,C_T,A_C,T_T,G_G,A_A,G_G,C_C,C_C,A_G,A_A,C_C,C_C,G_G,G_G,T_T,G_G,T_T,C_C,G_G,C_T,T_T,C_T,A_G,G_G,A_A,A_A,C_T,G_T,T_T,G_G,C_C,G_G,C_C,C_T,A_G,A_A,G_G,A_G,G_G,A_A,T_T,C_T,T_T,T_T,A_A,A_A,A_A,C_C,C_T,C_T,G_G,A_G,T_T,A_T,C_T,A_G,G_G,A_A,A_A,A_A,G_G,C_T,C_C,G_G,G_G,C_T,A_A,C_C,C_C,G_T,G_G,G_G,A_G,T_T,A_G,A_G,C_T,G_G,T_T,C_C,G_G,T_T,C_C,A_A,A_A,C_T,C_T,T_T,T_T,G_G,T_T,T_T,C_T,C_T,A_G,A_G,T_T,G_T,A_A,T_T,G_G,C_T,C_C,A_A,C_C,G_G,A_G,T_T,C_C,A_A,T_T,C_C,C_T,C_T,G_G,C_C,C_C,A_A,C_C,G_G,G_G,G_G,C_C,C_C,T_T,C_C,A_A,G_G,A_A,G_G,G_G,A_A,C_C,A_G,A_A,A_A,G_G,C_C,C_T,A_A,C_T,A_A,G_G,C_C,T_T,C_C,G_G,C_T,A_A,T_T,C_C,A_A,T_T,G_G,A_A,A_A,T_T,G_G,C_C,C_C,T_T,T_T,G_G,C_C,A_G,T_T,C_T,A_A,A_A,G_G,A_A,C_C,C_C,T_T,C_C,T_T,C_C,A_A,C_C,G_G,C_C,C_C,G_G,C_T,T_T,T_T,T_T,T_T,C_C,G_G,T_T,G_G,C_T,G_G,C_C,A_C,C_T,C_T,A_A,G_G,C_T,T_T,C_C,G_G,G_G,C_C,C_G,A_A,C_C,A_A,A_G,G_G,A_G,C_T,A_G,G_G
NA19060,JPT,A_A,A_G,A_C,G_G,A_G,C_C,C_C,C_C,A_A,T_T,C_C,A_G,A_A,C_C,C_C,C_C,A_A,A_A,A_A,A_A,G_G,A_G,A_A,C_C,G_G,T_T,C_T,C_T,T_T,G_G,C_C,A_A,G_G,A_A,A_A,G_G,G_G,T_T,G_G,G_G,A_A,C_T,C_C,C_C,C_T,C_C,C_C,A_A,A_G,C_C,A_T,C_C,T_T,G_G,A_A,G_G,A_G,A_A,T_T,A_A,C_T,T_T,A_A,G_T,A_A,G_T,A_A,T_T,G_G,T_T,G_G,C_C,C_C,C_T,C_C,T_T,A_A,A_C,C_T,A_C,G_G,G_G,C_C,C_T,C_T,A_G,A_A,C_C,A_G,T_T,T_T,C_T,A_C,G_G,G_G,G_G,A_A,A_A,C_G,A_A,C_C,T_T,C_C,C_C,C_G,C_C,G_G,C_C,A_C,C_C,G_G,T_T,C_T,A_A,C_T,G_G,C_C,A_A,T_T,C_C,G_G,C_C,A_C,G_G,C_C,G_G,A_G,C_T,C_C,T_T,A_T,G_G,C_C,G_G,C_T,A_G,T_T,C_T,C_T,C_G,C_C,C_C,C_C,A_A,C_T,T_T,G_G,G_G,G_G,A_A,A_A,A_A,A_G,A_A,C_C,G_G,G_G,G_G,G_G,T_T,G_G,A_G,A_A,A_G,A_A,A_G,C_C,A_G,A_A,A_G,G_G,T_T,C_C,C_T,A_G,T_T,T_T,G_G,C_C,G_G,A_A,C_C,C_C,C_C,A_G,A_C,C_T,C_C,G_G,A_A,G_G,A_G,G_G,C_C,A_C,A_G,C_C,G_G,T_T,G_T,A_A,G_G,C_C,A_A,G_G,T_T,A_G,A_T,C_T,C_C,T_T,G_G,A_A,A_C,C_C,G_T,T_T,C_T,A_G,A_A,T_T,G_G,G_G,G_G,T_T,C_T,G_G,C_C,A_C,A_G,C_T,A_G,C_C,C_C,A_A,C_C,T_T,A_G,G_G,C_T,G_G,C_C,C_C,T_T,G_G,T_T,G_G,T_T,C_C,C_T,G_G,C_T,C_C,G_G,C_T,T_T,C_C,T_T,A_A,C_T,C_T,G_G,A_A,C_T,T_T,T_T,A_A,A_A,C_C,C_C,A_G,C_C,T_T,A_A,A_G,C_C,C_C,T_T,T_T,C_T,A_A,G_G,T_T,G_G,G_G,A_A,A_G,C_T,A_G,C_C,A_G,A_A,G_G,C_C,C_C,C_T,C_T,C_C,G_G,G_G,G_G,C_T,G_G,A_A,A_A,T_T,C_T,A_C,G_G,C_T,A_G,G_T,C_T,C_G,A_A,T_T,A_A,G_G,G_T,C_C,G_G,A_A,T_T,A_C,G_G,G_G,G_G,G_G,A_A,A_A,C_T,C_T,C_C,C_C,A_A,A_G,A_G,G_T,C_T,C_C,G_G,C_C,C_C,C_C,A_A,T_T,G_G,A_A,T_T,A_G,C_C,A_A,G_T,T_T,A_A,T_T,C_C,G_G,T_T,T_T,C_C,G_G,G_G,C_C,A_G,C_C,T_T,C_C,C_C,C_C,C_T,T_T,G_T,C_C,T_T,G_G,G_G,C_T,C_T,A_A,T_T,C_C,A_A,T_T,A_G,T_T,C_C,G_G,T_T,A_A,T_T,A_A,T_T,A_G,A_A,A_G,C_C,C_C,A_A,A_A,C_C,C_C,G_G,G_G,T_T,G_G,T_T,C_C,G_G,T_T,T_T,C_T,G_G,A_G,A_G,A_C,C_C,G_T,T_T,G_G,C_C,A_A,C_C,C_T,A_G,A_A,G_G,G_G,C_G,A_G,G_G,C_T,T_T,T_T,A_A,A_G,A_G,C_C,T_T,C_C,G_G,A_G,C_T,T_T,C_T,A_A,G_G,G_G,G_G,G_G,G_G,C_C,C_C,G_G,A_G,C_T,A_A,C_C,C_C,T_T,G_G,G_G,A_A,T_T,A_A,A_A,T_T,A_A,G_T,C_C,G_G,C_C,C_C,A_A,A_T,C_T,C_T,T_T,T_T,A_G,T_T,C_T,C_T,T_T,A_G,A_G,T_T,G_T,A_A,T_T,G_G,C_T,C_C,A_G,C_C,G_G,A_A,T_T,C_C,A_A,T_T,C_C,C_T,C_T,G_G,C_C,A_C,A_A,A_C,G_G,G_G,G_G,C_C,C_C,T_T,C_C,A_A,T_T,A_C,A_G,G_G,A_G,C_T,A_A,A_G,A_A,G_G,C_C,C_C,A_C,T_T,A_G,G_G,C_C,T_T,C_C,A_A,C_C,A_A,T_T,C_C,A_A,T_T,A_G,A_A,A_A,C_T,G_G,C_G,C_C,T_T,C_T,G_G,C_C,G_G,T_T,T_T,A_A,A_A,G_G,A_A,C_C,T_T,T_T,C_C,T_T,C_C,A_G,C_C,G_G,C_T,C_T,G_G,C_T,T_T,T_T,T_T,T_T,C_C,G_G,T_T,G_G,C_T,G_G,C_T,A_A,T_T,T_T,A_T,G_G,T_T,T_T,C_T,G_G,G_G,C_T,C_G,A_A,C_C,A_A,A_G,G_G,A_A,C_T,G_G,A_G
NA19062,JPT,A_G,A_A,C_C,A_G,A_A,T_T,C_C,C_C,A_G,T_T,C_C,A_A,A_A,C_C,C_C,C_C,A_A,A_G,A_A,A_A,A_G,G_G,A_A,C_C,G_G,C_T,C_T,C_T,C_T,G_T,T_T,A_A,G_G,G_G,A_A,G_G,G_G,C_T,G_G,G_G,A_A,C_T,C_C,C_C,C_C,C_C,C_C,A_A,A_G,C_C,A_T,C_C,T_T,G_G,A_A,G_G,A_G,G_G,C_C,A_A,C_T,T_T,A_A,G_G,A_G,G_T,A_A,T_T,G_G,C_T,G_G,C_C,C_C,T_T,C_C,T_T,A_A,A_C,T_T,A_C,G_G,G_G,C_C,C_C,C_C,G_G,G_G,C_C,G_G,T_T,C_C,C_C,C_C,G_G,A_G,G_G,A_T,A_A,C_C,A_A,C_C,A_T,C_C,T_T,G_G,C_C,A_A,C_C,A_C,C_C,G_G,T_T,C_C,A_A,T_T,G_G,C_C,A_A,T_T,C_C,G_G,C_C,C_C,G_G,C_T,C_G,G_G,T_T,C_T,T_T,T_T,G_G,C_C,G_G,T_T,A_G,T_T,T_T,C_T,C_C,C_G,C_C,C_C,A_A,C_T,C_T,C_G,G_G,G_G,A_G,G_G,A_A,G_G,A_G,C_T,G_G,G_G,G_G,G_G,T_T,A_A,A_G,A_A,G_G,A_A,A_A,C_C,G_G,A_A,A_G,G_G,T_T,C_C,C_C,A_G,T_T,C_T,A_A,C_C,G_G,A_C,C_C,C_C,C_C,A_G,C_C,C_C,C_C,A_G,A_A,A_G,G_G,G_T,C_C,A_A,A_A,C_C,G_G,T_T,G_G,A_G,G_G,C_C,A_A,G_T,T_T,A_G,A_A,C_C,C_C,T_T,G_G,A_A,A_A,C_C,T_T,C_T,T_T,G_G,A_A,T_T,G_G,G_G,G_G,T_T,C_T,G_G,C_C,A_C,A_G,C_T,A_G,C_C,C_C,A_A,C_C,C_T,G_G,G_G,T_T,G_G,C_C,C_C,T_T,G_G,T_T,G_G,C_T,C_C,C_C,G_G,C_T,T_T,G_G,T_T,T_T,C_C,T_T,A_G,C_T,T_T,G_G,A_A,C_C,T_T,T_T,A_A,A_A,C_C,C_T,G_G,C_C,T_T,A_A,A_A,C_G,C_C,T_T,T_T,C_T,G_G,G_G,T_T,G_G,A_G,A_A,G_G,T_T,A_G,C_C,A_G,A_G,A_G,C_C,C_T,T_T,C_C,C_C,G_G,A_G,G_G,C_C,A_A,A_A,A_G,T_T,C_C,C_C,A_G,C_T,A_A,G_G,C_C,C_C,A_A,T_T,A_A,G_G,T_T,T_T,A_G,A_A,T_T,A_A,G_G,G_G,A_G,A_G,A_A,A_A,C_C,C_T,C_C,C_C,G_G,G_G,A_G,T_T,C_T,C_C,G_G,C_C,A_C,C_C,A_A,T_T,G_G,A_A,T_T,A_A,C_C,A_A,G_G,T_T,A_A,T_T,C_C,C_G,C_T,C_T,C_T,G_T,G_G,C_C,G_G,C_T,C_T,C_C,C_C,C_C,C_C,T_T,G_T,C_C,T_T,A_A,G_G,C_C,T_T,A_A,T_T,C_C,A_A,T_T,A_A,G_G,A_C,A_G,T_T,A_A,C_C,A_A,T_T,A_G,A_G,G_G,C_C,C_C,A_G,A_A,C_T,C_C,G_G,G_G,T_T,G_G,C_C,C_C,A_G,C_C,T_T,C_C,A_G,A_G,A_A,A_C,T_T,G_G,T_T,A_G,C_C,A_G,C_C,C_T,A_G,C_C,A_G,A_G,C_G,A_A,G_G,C_C,G_T,T_T,A_C,A_A,A_G,C_C,C_C,C_C,G_G,G_G,C_T,T_T,C_C,A_G,G_T,A_A,A_G,A_A,A_G,C_C,C_C,G_G,A_G,C_C,A_A,C_C,C_T,T_T,G_G,G_G,A_A,T_T,A_A,A_A,T_T,G_G,T_T,C_C,G_G,C_C,C_C,A_G,A_T,C_T,T_T,T_T,T_T,A_G,T_T,T_T,C_C,T_T,A_G,A_G,T_T,T_T,A_A,T_T,G_G,C_T,C_C,A_A,C_T,G_G,A_A,T_T,C_C,A_A,T_T,C_C,T_T,C_C,G_G,C_C,A_A,A_G,A_A,G_G,A_G,G_G,C_C,C_C,T_T,C_T,A_G,G_G,A_A,A_A,G_G,A_A,C_C,A_G,G_G,A_A,A_G,C_C,C_T,A_C,C_T,A_G,G_G,C_T,T_T,C_T,A_A,C_T,A_G,T_T,C_C,A_A,C_T,G_G,A_A,A_A,C_T,G_G,C_C,C_C,T_T,T_T,A_G,C_C,G_G,T_T,T_T,A_A,A_A,G_G,A_A,C_C,C_T,T_T,C_C,C_T,C_C,G_G,C_T,G_G,C_C,C_C,G_G,C_T,T_T,C_T,T_T,T_T,A_C,G_T,C_T,G_G,C_C,A_G,C_C,A_C,C_T,C_T,A_A,G_G,T_T,T_T,C_C,G_G,G_G,C_C,C_C,A_A,C_C,A_A,A_A,G_T,G_G,C_C,G_G,G_G
NA18955,JPT,A_A,A_G,C_C,G_G,A_A,C_C,C_C,C_C,G_G,T_T,C_T,G_G,A_A,C_C,C_C,C_T,A_G,A_G,A_A,A_A,A_G,G_G,A_A,C_C,G_G,T_T,C_C,C_T,C_C,G_G,C_T,A_A,G_G,G_G,A_G,G_G,G_G,C_T,A_G,G_G,A_A,C_T,C_C,C_C,C_C,C_C,C_T,A_G,A_G,C_C,T_T,C_T,C_T,A_G,A_A,G_G,G_G,G_G,C_T,A_A,C_T,T_T,A_G,G_T,A_A,G_T,A_G,A_T,A_G,C_T,G_T,C_C,C_C,C_T,C_C,T_T,A_A,A_A,T_T,A_C,A_G,G_G,C_C,C_C,T_T,G_G,A_G,C_C,G_G,T_T,T_T,C_C,C_C,G_G,G_G,G_G,A_A,A_A,C_C,A_A,C_C,T_T,C_C,C_T,C_C,A_C,A_G,C_C,C_C,C_C,A_A,T_T,C_C,A_A,T_T,G_G,C_C,A_A,T_T,C_C,G_G,C_C,C_C,G_G,C_C,C_G,A_G,C_T,C_C,C_T,A_T,G_G,A_C,A_G,C_T,A_G,T_T,C_T,C_C,C_G,C_C,C_T,C_C,A_A,C_T,C_C,G_G,A_G,A_G,A_A,A_G,A_A,G_G,A_G,C_C,A_G,G_G,G_G,G_G,T_T,G_G,G_G,A_A,A_G,A_A,G_G,C_G,A_G,A_A,A_A,G_G,T_T,C_C,C_T,A_G,T_T,T_T,A_G,C_C,G_G,A_C,C_C,C_C,C_C,G_G,A_C,C_T,C_C,A_G,A_A,G_G,G_G,G_T,C_C,A_C,A_A,C_T,G_G,T_T,G_T,A_G,G_G,C_C,A_A,G_T,T_T,G_G,A_A,C_T,A_C,T_T,G_G,A_A,A_A,C_C,G_T,T_T,T_T,G_G,A_A,C_C,G_G,A_A,G_G,T_T,T_T,G_G,C_C,A_C,A_G,C_T,A_G,C_C,C_C,A_G,C_C,C_T,A_G,G_G,C_T,G_G,C_C,C_C,T_T,G_G,T_T,G_G,C_T,C_C,C_C,G_G,T_T,T_T,G_G,T_T,C_C,C_C,T_T,A_A,C_T,C_T,G_G,A_A,C_C,T_T,T_T,A_A,A_A,C_C,C_C,G_G,C_C,C_T,A_A,A_G,C_C,C_C,T_T,T_T,T_T,A_G,G_G,T_T,G_G,G_G,A_A,A_G,T_T,A_A,C_T,G_G,G_G,G_G,C_C,C_C,C_T,C_T,C_C,G_G,G_G,G_G,C_C,G_G,A_A,A_A,C_T,C_T,C_C,A_G,C_T,A_A,G_G,C_T,C_C,A_A,T_T,A_A,A_G,T_T,T_T,A_A,G_G,T_T,A_A,G_T,A_G,A_G,A_G,A_G,A_G,C_T,T_T,C_C,C_C,A_A,G_G,G_G,G_G,T_T,C_C,A_G,C_C,A_C,C_C,A_A,T_T,A_G,A_A,T_T,A_G,C_C,A_A,G_T,T_T,A_A,C_T,C_T,G_G,T_T,T_T,C_C,G_G,G_G,C_T,G_G,C_C,C_T,C_C,C_C,C_C,C_C,T_T,T_T,C_C,T_T,A_G,G_G,C_T,T_T,A_C,T_T,C_C,A_A,T_T,A_A,G_T,A_C,G_G,T_T,A_A,T_T,A_C,T_T,A_G,A_A,A_G,C_C,C_C,A_G,A_A,C_C,C_C,G_G,G_G,T_T,T_T,T_T,C_C,G_G,T_T,T_T,C_T,G_G,A_G,A_A,A_C,C_T,G_T,T_T,G_G,C_C,A_G,C_C,C_T,A_G,A_A,G_G,G_G,G_G,A_A,G_G,C_T,T_T,T_T,A_A,A_A,A_A,C_C,T_T,C_C,G_G,G_G,C_T,T_T,C_T,A_G,G_T,A_G,A_G,G_G,G_G,C_C,C_C,A_G,A_G,C_C,A_A,C_C,C_T,G_T,G_G,G_G,A_A,T_T,A_A,A_A,C_T,G_G,T_T,C_T,G_G,C_T,C_C,A_A,A_A,T_T,C_C,T_T,T_T,G_G,T_T,T_T,C_T,T_T,A_G,G_G,T_T,G_G,A_C,T_T,A_G,C_C,C_C,A_A,C_C,A_G,A_A,T_T,C_C,A_A,T_T,C_C,T_T,C_C,G_G,C_C,C_C,A_A,A_C,G_G,A_G,G_G,C_C,C_C,T_T,T_T,A_G,G_G,A_A,G_G,G_G,A_A,C_T,A_G,A_A,A_A,G_G,C_C,C_C,A_A,T_T,A_A,G_G,C_C,T_T,C_C,A_A,C_C,A_A,T_T,C_C,A_G,T_T,A_G,A_A,A_A,T_T,C_C,C_C,C_T,C_T,C_T,G_G,C_T,A_G,T_T,C_T,A_A,A_A,G_G,A_A,C_C,T_T,T_T,C_C,C_T,C_C,A_A,C_C,G_G,C_C,C_C,A_G,T_T,T_T,T_T,C_C,T_T,C_C,G_G,T_T,G_G,C_C,G_G,C_C,A_A,C_T,C_T,A_A,G_G,T_T,T_T,C_C,G_G,G_G,C_C,C_G,A_C,C_C,A_A,A_G,G_G,G_G,C_C,G_G,A_G
NA18962,JPT,A_A,A_A,C_C,G_G,A_A,C_T,C_C,C_C,G_G,A_T,C_T,A_G,A_A,C_C,C_C,C_T,A_G,A_A,A_A,A_A,A_G,A_G,A_A,C_T,G_T,C_T,C_T,C_C,C_T,G_T,C_T,A_A,G_G,A_G,A_A,G_G,G_G,C_T,A_G,G_G,A_A,C_T,C_T,C_C,C_T,C_C,T_T,A_G,A_G,C_C,T_T,C_T,C_T,A_G,A_A,G_G,G_G,A_G,C_T,A_A,T_T,T_T,A_A,G_G,A_G,T_T,A_G,A_T,A_G,C_T,G_T,C_C,C_C,C_T,C_C,T_T,A_A,A_C,T_T,A_C,G_G,G_G,C_C,C_T,C_T,A_G,A_G,C_T,G_G,T_T,T_T,C_C,A_C,C_G,G_G,G_G,A_A,A_A,C_C,A_A,C_C,T_T,C_C,T_T,C_G,C_C,A_A,C_C,A_C,C_C,G_G,T_T,C_C,A_A,T_T,G_G,C_C,A_A,T_T,C_C,G_G,C_C,C_C,G_G,C_T,G_G,G_G,T_T,C_T,T_T,A_A,G_G,C_C,G_G,C_C,A_G,T_T,C_T,C_T,C_C,C_G,C_T,C_C,A_A,C_T,C_C,G_G,G_G,A_G,A_G,A_G,A_A,G_G,A_G,C_T,G_G,G_G,G_G,G_G,T_T,A_G,A_G,A_A,A_G,A_A,A_G,C_C,A_G,A_A,A_A,G_G,T_T,C_C,C_T,A_A,G_T,T_T,A_G,C_C,G_G,A_C,C_T,C_C,C_C,A_A,A_C,C_C,C_C,A_G,A_A,G_G,G_G,G_G,C_C,A_C,A_A,C_C,G_G,T_T,G_G,A_A,C_G,C_C,A_A,G_T,C_T,G_G,A_A,C_C,C_C,T_T,G_T,A_A,A_C,C_C,G_T,T_T,C_T,G_G,A_A,T_T,G_G,G_G,G_G,T_T,T_T,G_G,C_C,A_C,A_G,C_T,A_G,C_C,C_C,A_A,C_C,T_T,A_G,G_G,T_T,G_G,C_C,C_C,T_T,G_G,T_T,G_G,C_C,C_C,C_C,G_G,C_T,C_T,G_G,T_T,C_C,C_C,T_T,A_G,C_T,C_T,G_G,A_A,C_C,T_T,T_T,A_A,A_A,C_C,C_T,G_G,C_C,C_T,A_A,A_G,G_G,C_C,G_T,T_T,C_T,G_G,G_G,T_T,G_G,G_G,A_A,G_G,T_T,A_G,C_C,G_G,A_A,G_G,C_C,C_T,C_T,C_T,C_C,G_G,A_G,G_G,C_C,A_A,A_A,A_G,T_T,C_C,C_C,A_G,C_T,A_A,G_G,C_C,C_C,A_C,T_T,A_A,G_G,T_T,T_T,A_A,G_G,T_T,A_C,G_G,A_G,A_G,G_G,A_A,A_A,C_C,T_T,A_C,C_C,A_A,A_G,G_G,G_G,T_T,C_C,G_G,T_T,C_C,C_C,A_A,C_C,G_G,A_A,T_T,A_A,C_C,A_A,G_G,T_T,A_A,T_T,C_C,C_G,T_T,T_T,C_C,T_T,G_G,C_C,A_G,C_T,C_T,C_C,C_C,C_C,C_C,T_T,G_T,C_C,C_T,G_G,G_G,C_T,T_T,A_A,T_T,C_C,A_A,T_T,A_A,G_T,A_A,G_G,T_T,A_A,C_C,C_C,T_T,A_G,A_A,G_G,C_C,C_C,A_G,A_A,C_C,C_C,G_G,A_G,C_T,G_T,T_T,C_C,A_G,C_T,G_T,C_T,G_G,A_G,A_A,C_C,T_T,G_G,T_T,G_G,C_C,A_G,C_C,T_T,A_G,A_C,G_G,A_A,G_G,A_A,G_T,C_T,T_T,C_T,A_A,A_A,A_A,C_C,C_T,C_C,G_T,A_G,C_T,T_T,T_T,A_G,T_T,A_A,A_G,A_G,A_G,C_C,C_C,A_G,A_G,C_C,A_A,C_T,C_T,T_T,G_G,G_G,A_A,T_T,A_G,A_G,T_T,A_G,G_T,C_T,G_G,C_T,C_C,A_A,A_A,T_T,T_T,T_T,T_T,G_G,T_T,C_T,C_C,C_T,G_G,A_A,T_T,G_G,A_A,T_T,G_G,C_T,C_T,A_A,C_C,G_G,A_A,T_T,C_C,A_G,T_T,C_C,T_T,C_C,G_G,C_C,C_C,A_A,C_C,G_G,G_G,G_G,C_C,C_C,T_T,C_C,A_A,G_T,A_A,G_G,G_G,A_A,C_C,A_G,A_G,G_G,G_G,C_C,C_T,A_C,T_T,A_G,A_G,C_C,T_T,C_C,A_G,C_C,A_G,T_T,C_T,A_G,C_T,A_G,A_A,A_A,T_T,G_G,C_C,C_C,T_T,C_T,G_G,C_T,A_G,T_T,C_T,A_A,A_A,G_G,A_A,C_C,C_T,T_T,C_C,T_T,C_T,A_A,C_T,G_T,C_C,C_C,G_G,C_T,C_T,T_T,C_C,T_T,A_C,G_G,T_T,G_G,C_C,G_G,T_T,A_A,T_T,T_T,A_A,G_G,C_T,T_T,C_T,G_G,G_T,C_T,C_C,A_A,C_C,A_A,A_A,G_G,A_G,C_T,G_G,A_G
NA19792,MEX,A_G,A_G,A_C,A_G,A_A,C_T,C_C,C_C,A_G,T_T,C_T,A_G,A_A,C_C,C_C,C_C,A_G,A_A,A_G,A_A,A_G,A_G,A_A,C_C,G_G,T_T,T_T,C_C,C_T,G_T,T_T,A_T,A_G,G_G,A_A,G_G,G_G,C_C,G_G,G_G,A_A,C_C,C_C,C_C,C_T,C_C,C_T,G_G,A_A,C_C,A_A,T_T,C_T,G_G,A_G,G_G,A_A,A_G,C_C,A_A,C_T,T_T,A_A,G_G,A_G,T_T,G_G,T_T,G_G,T_T,G_G,C_C,C_C,C_T,C_C,T_T,A_A,A_A,T_T,A_A,G_G,G_G,C_C,C_C,C_T,A_G,A_A,C_C,G_G,G_T,C_T,C_C,C_C,G_G,G_G,A_G,A_T,A_A,C_C,A_A,C_C,A_T,A_C,T_T,C_G,A_A,A_G,C_C,A_C,C_C,G_G,C_T,C_C,A_G,T_T,G_G,C_C,A_A,T_T,C_C,G_G,C_C,C_C,C_G,C_C,C_C,G_G,T_T,C_C,T_T,T_T,G_G,A_C,A_G,T_T,A_G,C_T,T_T,C_C,C_C,G_G,T_T,?_?,A_A,T_T,C_C,C_G,A_G,A_G,A_A,G_G,A_G,G_G,A_G,C_C,G_G,G_G,A_G,A_A,C_T,A_G,A_G,A_A,G_G,A_A,A_G,C_G,G_G,A_A,A_G,G_G,T_T,C_C,C_C,G_G,G_G,T_T,A_A,C_C,G_G,A_C,C_C,C_C,C_C,A_A,A_C,C_C,C_C,A_G,A_G,G_G,G_G,G_G,C_C,A_A,A_A,C_C,G_G,C_T,G_G,A_A,G_G,C_C,A_A,T_T,T_T,G_G,A_A,C_C,C_C,T_T,G_G,A_A,A_A,C_C,G_T,T_T,T_T,G_G,A_A,T_T,G_G,G_G,G_G,T_T,T_T,G_G,C_C,A_A,A_A,C_C,A_A,C_C,C_C,A_G,C_C,T_T,G_G,G_G,T_T,G_G,C_C,C_T,T_T,G_G,T_T,G_G,C_T,C_C,C_C,G_G,C_T,T_T,G_G,C_T,C_C,A_C,T_T,A_G,T_T,C_C,A_A,A_G,T_T,T_T,T_T,A_G,A_G,C_C,C_C,G_G,A_C,C_T,A_A,A_A,C_G,C_C,G_T,T_T,T_T,A_G,T_T,T_T,G_G,G_G,A_A,G_G,T_T,A_G,C_T,G_G,A_A,G_G,C_C,C_T,C_C,T_T,C_C,G_G,G_G,G_G,C_C,A_A,A_A,A_G,C_T,C_C,C_C,A_A,C_C,A_A,G_G,C_T,C_C,A_A,C_T,A_A,G_G,T_T,C_C,G_G,G_G,G_T,A_C,G_G,G_G,A_A,G_G,A_A,A_A,C_C,C_T,C_C,C_C,A_G,G_G,A_G,G_G,T_T,C_T,G_G,C_T,A_C,C_C,A_C,C_T,A_A,A_A,T_T,A_G,C_C,A_A,G_T,T_T,A_A,T_T,C_T,G_G,C_T,C_T,C_T,G_T,A_A,T_T,A_G,C_C,C_C,?_?,C_C,C_C,C_C,?_?,G_G,C_C,T_T,A_A,G_G,T_T,T_T,A_A,T_T,C_C,A_A,T_T,A_A,G_G,A_A,A_A,T_T,A_G,T_T,A_A,T_T,A_A,A_A,G_G,C_C,C_C,G_G,A_A,C_C,C_G,A_A,G_G,T_T,T_T,T_T,C_T,G_G,C_T,T_T,C_T,G_G,A_G,A_A,C_C,C_C,G_G,C_T,G_G,C_C,A_A,C_C,T_T,G_G,A_A,G_G,A_G,C_C,A_A,G_T,C_T,T_T,C_T,A_C,A_G,A_A,C_C,T_T,C_T,G_T,G_G,T_T,A_A,C_C,A_G,T_T,A_A,A_A,G_G,A_A,C_T,C_T,G_G,G_G,C_T,A_A,C_C,C_T,T_T,C_G,G_G,A_A,T_T,A_A,A_A,T_T,A_G,G_T,C_T,G_G,C_T,C_C,A_A,A_A,T_T,T_T,T_T,T_T,G_G,C_T,C_T,C_T,T_T,A_G,G_G,T_T,G_T,A_A,T_T,G_G,C_T,C_C,A_A,C_C,A_G,A_A,T_T,C_C,A_G,T_T,C_C,T_T,C_C,G_G,C_C,A_C,A_A,A_A,G_G,A_G,G_G,C_C,C_C,T_T,C_C,A_A,G_G,C_C,A_G,G_G,A_A,C_C,A_G,A_G,A_A,G_G,C_T,C_C,A_A,C_T,A_G,G_G,C_C,T_T,C_C,A_G,C_C,A_A,T_T,C_T,G_G,T_T,A_G,A_A,A_G,T_T,G_G,C_C,C_T,C_T,C_T,G_G,C_T,G_G,T_T,T_T,A_A,A_A,G_G,A_A,C_C,T_T,T_T,T_T,T_T,C_T,A_G,C_C,G_T,C_C,C_C,G_G,T_T,T_T,C_T,T_T,T_T,C_C,G_G,T_T,T_T,C_T,A_G,C_T,A_A,T_T,T_T,A_A,G_G,T_T,T_T,C_T,G_G,G_G,C_T,C_G,A_A,C_C,A_A,A_G,G_T,A_G,C_T,G_G,G_G
NA21485,MKK,A_G,A_A,A_C,G_G,A_G,T_T,C_T,C_C,A_G,T_T,C_C,G_G,A_A,C_C,C_C,C_T,A_A,A_G,A_A,A_A,A_G,A_G,A_A,T_T,G_G,T_T,C_T,C_T,T_T,G_T,C_T,A_A,A_A,G_G,A_A,A_G,G_T,T_T,A_G,A_G,A_C,C_C,C_C,C_T,C_T,C_T,C_C,A_A,A_A,A_C,A_T,T_T,C_C,A_G,A_A,G_G,A_A,G_G,C_C,A_G,C_T,A_T,A_G,G_T,G_G,T_T,G_G,T_T,G_G,T_T,G_T,C_T,C_C,C_T,T_T,C_T,A_A,A_A,T_T,A_C,G_G,G_G,C_C,C_C,C_C,G_G,G_G,C_C,A_G,G_T,T_T,T_T,A_A,G_G,G_G,A_G,A_T,A_A,C_C,A_A,C_C,T_T,C_C,C_T,C_G,A_A,A_G,C_T,C_C,A_C,G_G,T_T,C_T,A_A,T_T,G_G,C_C,A_A,T_T,C_C,G_G,C_C,C_C,G_G,C_C,C_C,G_G,T_T,C_C,T_T,A_T,A_G,C_C,G_G,T_T,A_G,C_C,T_T,C_C,C_G,G_G,C_T,C_C,A_A,C_C,C_T,G_G,G_G,G_G,A_G,G_G,A_A,G_G,A_A,C_T,A_G,A_G,A_G,G_G,C_C,A_G,A_A,A_C,A_A,A_C,A_G,C_G,A_G,A_A,A_G,A_G,T_T,C_C,C_T,G_G,T_T,T_T,A_A,C_C,G_G,A_C,C_T,T_T,C_T,A_G,A_C,C_C,C_C,G_G,A_A,G_G,G_G,G_G,C_C,A_A,A_A,C_C,G_G,T_T,G_T,A_A,C_C,C_C,A_A,G_T,C_T,G_G,A_T,C_C,C_C,T_T,G_G,A_G,A_A,C_T,T_T,C_T,T_T,G_G,A_A,T_T,G_G,G_G,G_G,T_T,T_T,G_G,C_C,C_C,G_G,T_T,G_G,C_C,C_C,G_G,C_C,T_T,G_G,G_G,T_T,G_G,A_C,C_C,T_T,A_G,T_T,G_G,T_T,C_T,C_C,G_G,T_T,C_T,G_G,C_T,C_C,A_C,C_T,G_G,T_T,C_C,G_G,A_G,T_T,T_T,T_T,A_A,A_G,C_T,C_C,G_G,C_C,C_T,G_G,A_A,C_C,C_C,G_G,T_T,C_T,G_G,G_G,G_T,G_G,A_A,A_G,A_G,T_T,A_A,T_T,G_G,A_G,G_G,C_C,C_T,C_C,T_T,C_C,G_G,G_G,G_G,C_C,A_A,A_A,A_G,T_T,C_T,A_A,A_G,C_T,A_A,T_T,C_C,C_C,C_C,T_T,G_G,G_G,G_G,C_T,G_G,G_G,G_T,C_C,G_G,G_G,A_G,A_A,A_A,A_G,C_C,C_C,A_C,C_C,A_G,G_G,G_G,G_G,C_T,C_C,A_A,C_C,A_C,C_C,A_A,T_T,A_A,A_A,T_T,A_A,C_C,A_A,G_G,T_T,A_A,T_T,C_C,G_G,T_T,T_T,C_T,G_G,G_G,C_T,A_G,C_C,C_T,C_T,C_C,C_C,C_C,C_T,G_T,C_G,T_T,A_A,G_G,C_C,T_T,A_C,T_T,C_C,A_G,T_T,A_A,G_G,C_C,G_G,T_T,A_A,C_T,A_C,T_T,G_G,A_A,G_G,C_C,C_C,A_A,A_A,C_C,C_C,G_G,G_G,C_T,G_T,T_T,C_T,A_G,C_T,T_T,C_C,A_G,A_G,A_A,A_A,T_T,G_G,T_T,G_G,C_C,A_A,C_C,T_T,G_G,A_C,G_G,A_A,G_G,A_A,G_T,C_C,T_T,C_T,A_C,A_G,A_A,C_C,C_T,T_T,G_T,A_G,T_T,A_A,C_C,G_G,G_T,A_A,A_A,G_G,A_A,C_T,C_C,A_A,G_G,C_C,A_C,C_T,T_T,T_T,C_C,G_G,A_A,T_T,A_G,A_A,T_T,A_A,G_G,T_T,G_G,C_T,C_T,A_G,A_T,T_T,T_T,T_T,T_T,G_G,T_T,C_C,C_C,C_T,A_G,A_A,T_T,G_G,A_A,T_T,G_G,C_C,T_T,A_A,C_C,A_G,A_A,A_T,C_C,A_A,T_T,C_C,C_T,C_T,A_G,C_C,A_C,A_A,A_A,G_G,A_G,A_G,C_T,C_C,T_T,C_C,A_G,G_G,A_C,G_G,G_G,A_A,C_C,A_G,A_A,A_A,G_G,C_T,T_T,A_A,T_T,A_G,G_G,C_T,C_C,C_T,A_A,T_T,A_G,T_T,C_C,A_G,C_T,A_A,A_A,A_G,T_T,C_G,C_C,T_T,C_T,T_T,G_G,C_C,A_G,C_C,C_T,A_A,A_G,A_G,A_A,C_C,T_T,C_C,C_T,C_T,C_T,A_A,C_C,G_G,T_T,C_T,A_G,T_T,C_T,T_T,T_T,T_T,A_C,T_T,C_C,G_G,C_T,A_G,C_C,A_A,T_T,T_T,T_T,G_G,T_T,C_T,C_T,G_G,G_G,T_T,G_G,A_A,C_C,A_G,G_G,G_T,A_G,C_C,G_G,G_G
NA20770,TSI,A_G,G_G,C_C,G_G,A_A,C_T,C_C,C_C,A_G,T_T,C_T,G_G,A_A,C_C,C_C,C_T,A_G,A_G,A_A,A_A,A_G,G_G,A_A,C_T,G_T,C_T,C_T,C_T,T_T,G_G,C_T,A_T,G_G,G_G,A_G,G_G,G_T,T_T,A_G,G_G,A_A,C_T,C_T,C_C,T_T,C_C,C_C,A_G,A_A,C_C,A_A,C_T,C_C,G_G,A_A,G_T,?_?,G_G,C_C,A_A,T_T,A_T,A_G,T_T,A_G,T_T,G_G,T_T,G_G,T_T,G_T,T_T,C_C,T_T,C_T,T_T,A_A,A_A,T_T,C_C,G_G,G_G,C_C,C_T,C_T,G_G,A_G,C_C,G_G,T_T,T_T,C_C,A_C,C_G,G_G,A_A,A_T,A_A,C_G,A_A,C_C,A_T,A_C,C_C,C_G,C_C,A_A,C_C,A_A,C_C,A_A,C_T,C_C,A_A,T_T,G_G,C_C,A_A,T_T,C_C,G_G,C_C,C_C,C_C,C_T,C_C,G_G,T_T,C_C,C_T,T_T,A_G,C_C,G_G,C_T,A_G,C_C,C_T,C_T,C_C,G_G,C_T,C_C,A_G,C_T,C_T,G_G,G_G,G_G,A_A,A_G,A_A,G_G,A_G,C_C,G_G,G_G,G_G,A_G,C_T,A_A,A_G,A_A,A_G,A_C,A_G,C_G,A_A,A_G,A_A,G_G,T_T,C_T,C_T,A_A,T_T,T_T,A_A,C_C,G_T,A_A,C_C,C_C,C_T,A_A,A_A,C_C,C_C,G_G,A_A,G_G,G_G,G_G,C_C,A_A,A_A,C_C,G_G,T_T,G_G,A_A,G_G,C_C,A_A,G_T,T_T,G_G,A_A,C_C,C_C,T_T,G_G,A_A,A_A,C_C,T_T,T_T,T_T,G_G,A_A,T_T,G_G,G_G,G_G,T_T,T_T,G_G,C_T,A_C,A_G,C_T,A_A,C_T,C_C,A_A,C_C,T_T,G_G,G_G,T_T,G_G,C_C,C_C,T_T,G_G,T_T,G_G,C_C,C_C,C_C,G_G,C_T,C_T,G_G,T_T,C_C,C_C,T_T,A_G,T_T,C_C,A_G,A_G,T_T,T_T,T_T,A_A,G_G,C_C,C_C,G_G,A_C,C_C,A_G,A_A,C_C,C_C,T_T,T_T,T_T,G_G,T_T,G_T,G_G,G_G,A_G,G_G,T_T,A_A,C_T,G_G,A_A,G_G,C_C,C_T,C_C,C_T,C_C,G_G,G_G,G_G,C_C,A_G,A_A,G_G,C_T,C_C,A_A,A_G,C_T,A_A,G_G,C_T,C_G,A_A,T_T,A_A,G_G,T_T,C_T,A_G,G_G,T_T,C_C,G_T,A_A,A_A,G_G,A_A,A_A,C_C,C_T,A_C,C_C,A_G,G_G,G_G,G_G,T_T,C_C,G_G,C_T,A_A,C_C,A_A,C_T,G_G,A_A,T_T,A_A,C_C,A_A,G_G,C_T,A_A,T_T,C_T,C_G,T_T,T_T,C_C,G_T,A_G,C_T,A_G,C_C,C_T,C_C,C_C,C_C,C_T,C_T,G_G,C_C,T_T,A_G,G_G,T_T,T_T,A_A,T_T,C_C,A_G,T_T,A_A,G_G,A_C,A_G,T_T,A_A,T_T,A_A,C_T,G_G,A_G,G_G,C_T,C_C,A_A,A_A,C_C,C_C,A_G,G_G,T_T,T_T,T_T,T_T,G_G,T_T,T_T,C_T,G_G,A_A,A_G,A_C,C_C,G_G,C_T,G_G,C_T,A_A,C_C,T_T,A_G,A_A,G_G,A_G,C_G,A_A,G_G,C_C,G_T,C_T,A_A,A_A,A_A,C_T,T_T,C_T,G_T,G_G,T_T,A_T,C_C,G_G,G_T,A_A,A_A,G_G,A_G,C_C,C_C,A_G,G_G,C_T,A_A,C_C,C_T,G_T,C_G,A_G,A_A,C_T,A_A,A_A,T_T,A_A,G_G,C_T,G_G,T_T,C_C,A_A,A_A,T_T,T_T,T_T,T_T,G_G,C_C,T_T,T_T,T_T,A_G,G_G,T_T,G_G,A_A,T_T,G_G,T_T,C_C,A_A,C_T,A_G,A_G,T_T,C_C,A_G,T_T,C_C,T_T,C_C,A_A,C_C,A_C,A_A,A_A,G_G,G_G,G_G,C_T,C_C,T_T,C_C,A_G,G_T,A_A,G_G,G_G,A_A,C_C,A_A,A_A,A_A,G_G,C_C,C_C,A_A,T_T,A_G,G_G,T_T,T_T,C_C,A_A,C_C,A_A,T_T,C_T,A_G,T_T,G_G,A_A,A_G,T_T,G_G,C_C,C_C,C_T,C_T,G_G,C_C,A_G,T_T,C_T,A_G,A_A,G_G,A_A,C_C,C_T,C_C,C_C,C_T,C_C,A_A,C_C,G_G,C_C,T_T,A_G,T_T,T_T,T_T,C_T,T_T,C_C,G_G,T_T,G_G,C_C,A_A,C_C,A_A,T_T,T_T,A_A,G_G,T_T,T_T,T_T,G_G,G_G,T_T,C_C,A_C,C_C,A_A,A_A,G_T,G_G,C_C,G_G,G_G
