Patient ID,population,rs10187056,rs10758940,rs10814993,rs10851731,rs10998087,rs1099968,rs11085023,rs11098948,rs11130791,rs11170991,rs1117382,rs11563620,rs11691947,rs11903376,rs12036675,rs12062528,rs12135904,rs12204275,rs12446781,rs1250253,rs12511245,rs12641411,rs12681671,rs12895262,rs12921822,rs13086858,rs1320385,rs1437787,rs1450428,rs1478446,rs158512,rs1588040,rs1679012,rs16953500,rs1726254,rs17671597,rs1805972,rs1814538,rs1909338,rs1924381,rs1932366,rs1942885,rs1986420,rs2000743,rs2002739,rs2029623,rs2035247,rs2200402,rs2204738,rs2228511,rs2305858,rs2324520,rs2422098,rs2433354,rs2463383,rs2490385,rs2500090,rs2506898,rs2546001,rs2578669,rs2605419,rs260699,rs260700,rs260705,rs260709,rs260711,rs2631899,rs2673884,rs2675345,rs2700392,rs271626,rs277639,rs2849372,rs2893312,rs2967391,rs3181372,rs35389,rs39639,rs4242682,rs4577845,rs4615248,rs4705115,rs4713659,rs4722760,rs4749305,rs4787645,rs4789182,rs4791868,rs4832501,rs4835141,rs4847428,rs4877791,rs519381,rs533571,rs542405,rs560767,rs590616,rs6437783,rs6451268,rs6468344,rs6534999,rs6546753,rs6560084,rs6679430,rs6698919,rs6763648,rs6897135,rs6926482,rs6977118,rs702032,rs7111521,rs7158108,rs7215008,rs7376483,rs738276,rs738987,rs747094,rs7551132,rs7676617,rs7677859,rs7689609,rs7921545,rs7956796,rs7974633,rs7983489,rs8091955,rs8097206,rs868622,rs931410,rs943773,rs9595066,rs9821525,rs9866028,rs987435,rs9931378
,Strand,+,-,+,+,-,+,+,+,+,+,-,+,+,+,+,+,+,+,+,+,+,+,-,-,+,+,+,+,+,+,+,+,+,+,+,+,+,+,+,+,+,+,+,+,+,+,+,+,+,+,+,+,-,+,+,+,+,+,+,+,+,+,+,+,-,+,+,+,+,+,+,-,+,+,+,+,+,-,+,+,+,+,+,+,+,+,+,+,+,+,+,+,+,+,+,+,+,+,+,+,-,+,+,+,+,+,-,+,+,+,+,+,+,+,+,+,+,-,+,+,+,+,+,+,+,+,+,-,+,+,+,+,+,-,-
NA18644,CHB,T_T,C_C,A_A,A_T,C_G,A_C,A_A,C_C,C_C,G_G,C_C,T_T,G_G,C_C,C_T,C_T,C_C,G_G,C_C,T_T,T_T,C_C,C_C,A_T,C_C,A_A,A_G,C_C,A_G,C_T,G_G,T_T,T_T,A_G,A_G,G_G,C_T,A_A,A_A,T_T,A_A,C_C,G_G,A_A,T_T,C_T,T_T,T_T,T_T,C_T,A_A,G_G,C_G,C_T,T_T,C_C,T_T,A_G,A_A,G_G,C_C,A_G,C_T,A_G,C_C,C_C,T_T,T_T,A_G,A_C,C_C,G_G,A_G,C_C,G_T,A_G,G_G,C_G,G_G,A_A,G_G,T_T,A_G,G_G,G_G,T_T,A_G,C_C,C_C,G_G,G_G,A_G,T_T,A_A,A_A,C_C,A_A,C_C,G_G,C_C,C_C,G_G,C_C,C_T,C_C,C_C,A_A,A_A,A_G,C_T,T_T,A_G,C_T,T_T,A_A,A_A,C_C,C_G,A_A,C_G,T_T,T_T,A_G,C_C,A_A,A_A,C_C,T_T,G_G,G_G,C_T,C_T,C_T,G_G,C_C
NA18649,CHB,C_T,C_C,A_A,T_T,G_G,C_C,A_A,C_C,C_C,G_G,C_C,C_T,G_G,C_T,T_T,C_C,C_C,G_G,C_C,T_T,T_T,C_C,C_C,A_T,T_T,A_A,G_G,C_C,A_G,T_T,A_A,C_T,C_T,A_A,A_G,C_G,T_T,A_A,A_A,T_T,C_C,C_C,A_A,A_A,C_T,C_C,G_T,T_T,T_T,C_C,A_G,G_G,C_G,C_T,T_T,T_T,T_T,A_G,A_G,A_G,T_T,G_G,T_T,A_A,C_C,C_C,T_T,A_T,G_G,C_C,T_T,C_C,A_G,C_C,T_T,A_G,G_G,C_G,G_G,A_A,G_G,C_T,A_G,G_G,G_G,T_T,A_A,C_C,C_C,G_G,?_?,A_A,C_T,A_A,A_A,C_T,A_A,C_C,G_G,C_C,C_C,G_G,C_C,C_C,T_T,C_C,A_A,A_A,A_G,C_T,C_C,A_A,C_T,T_T,A_A,A_A,C_C,C_G,A_G,C_G,C_C,G_G,A_A,A_C,A_A,A_A,C_T,T_T,G_G,G_G,C_T,C_C,C_C,C_G,C_C
NA18739,CHB,T_T,C_G,A_A,A_T,C_G,A_C,A_A,C_C,C_C,G_G,C_C,C_C,G_G,C_T,C_C,T_T,C_C,G_G,C_G,T_T,T_T,C_C,C_C,A_A,T_T,A_A,A_A,C_C,A_A,T_T,G_G,C_T,C_T,A_A,A_G,G_G,T_T,A_A,A_G,C_T,A_C,C_C,G_G,A_A,T_T,T_T,T_T,T_T,T_T,C_T,A_A,A_A,C_G,C_T,T_T,C_T,T_T,A_A,A_G,G_G,T_T,G_G,T_T,A_A,C_C,C_C,T_T,A_T,G_G,C_C,T_T,C_C,A_G,C_C,G_G,A_G,G_G,C_C,G_G,A_A,G_G,C_T,G_G,G_G,G_G,C_T,A_A,C_G,C_C,G_G,A_G,A_G,C_T,A_A,A_A,C_C,A_A,C_C,A_G,C_T,C_C,G_G,C_C,C_C,T_T,C_C,A_T,A_G,G_G,T_T,C_T,A_A,C_T,T_T,A_A,A_A,C_C,C_G,A_G,C_C,C_T,T_T,A_A,C_C,A_A,A_A,C_C,T_T,G_G,G_G,C_T,C_T,C_T,C_C,C_C
NA19452,LWK,C_C,C_C,C_C,A_A,C_C,C_C,G_G,G_G,A_C,A_G,C_C,C_C,G_G,C_T,C_T,C_T,T_T,T_T,C_G,C_T,C_C,T_T,G_G,A_A,C_T,C_C,A_G,T_T,A_A,C_C,A_A,C_C,C_C,A_G,G_G,C_C,C_C,A_G,A_G,T_T,C_C,T_T,A_G,A_C,C_T,C_C,G_T,C_C,C_T,T_T,A_A,A_A,G_G,C_C,C_C,T_T,G_G,A_G,G_G,A_A,T_T,G_G,T_T,A_A,C_G,C_C,C_T,A_A,G_G,A_A,C_C,C_G,G_G,C_C,G_G,G_G,A_G,C_G,G_G,A_G,A_A,C_T,A_A,G_G,G_G,C_C,G_G,C_C,C_C,C_C,A_A,G_G,T_T,G_G,A_A,C_T,C_C,C_T,A_G,T_T,C_C,T_T,T_T,T_T,T_T,C_T,A_T,G_G,A_A,T_T,T_T,G_G,C_C,C_T,A_A,G_G,T_T,C_C,A_A,G_G,C_C,T_T,A_A,C_C,A_A,G_G,T_T,A_T,G_G,G_G,C_T,C_T,C_C,C_C,C_C
NA19327,LWK,C_C,C_C,C_C,A_A,C_C,C_C,A_G,G_G,A_C,A_A,C_C,C_C,G_G,C_T,C_T,C_T,C_T,T_T,G_G,C_C,C_C,C_T,G_G,A_A,C_C,C_C,A_G,T_T,A_A,C_C,A_A,C_C,C_C,A_G,G_G,C_C,C_C,A_G,G_G,C_T,C_C,C_T,G_G,C_C,C_C,C_T,G_T,C_C,C_T,T_T,A_G,A_A,C_G,T_T,C_C,T_T,G_G,G_G,G_G,A_A,C_T,G_G,T_T,A_A,C_G,C_T,C_C,A_A,G_G,A_A,C_T,C_C,G_G,C_C,G_G,G_G,G_G,C_C,G_G,A_G,A_G,C_C,A_A,G_G,A_G,C_C,A_G,C_C,C_C,C_C,A_A,G_G,C_T,G_G,A_T,C_T,C_C,C_T,A_G,C_T,C_C,T_T,C_T,T_T,C_T,C_T,A_T,G_G,A_A,T_T,C_T,A_G,C_C,C_C,A_A,G_G,T_T,C_G,A_G,C_G,C_C,G_T,A_A,A_C,A_A,A_G,T_T,A_A,G_G,A_G,C_C,C_T,C_T,C_C,C_G
NA19390,LWK,C_C,C_C,A_C,A_A,C_G,C_C,G_G,G_G,A_A,A_G,C_C,C_C,G_G,T_T,T_T,C_C,T_T,T_T,G_G,C_C,T_T,C_C,C_G,A_T,T_T,C_C,G_G,T_T,A_A,C_C,A_G,C_C,C_C,G_G,A_G,C_C,C_C,G_G,G_G,T_T,C_C,C_C,G_G,C_C,C_T,C_T,T_T,T_T,C_C,T_T,A_A,A_G,G_G,T_T,C_C,T_T,G_G,G_G,G_G,A_A,C_T,G_G,T_T,A_A,C_G,C_T,C_C,A_A,G_G,A_C,C_C,C_G,A_G,C_T,G_T,G_G,G_G,C_C,G_G,A_G,G_G,C_T,A_G,A_G,A_G,C_C,G_G,C_C,T_T,C_G,A_A,G_G,T_T,G_G,A_T,T_T,C_C,C_T,A_G,T_T,C_C,T_T,T_T,C_T,C_T,T_T,A_T,G_G,A_A,T_T,T_T,A_A,C_C,C_T,A_G,G_G,C_T,C_C,A_A,C_G,C_C,T_T,A_A,A_C,A_A,A_G,T_T,A_A,A_G,A_G,C_C,T_T,T_T,C_C,C_G
NA19399,LWK,C_C,C_C,C_C,A_A,C_C,C_C,G_G,G_G,A_A,A_G,C_C,C_C,G_G,C_T,C_T,C_T,T_T,T_T,C_G,C_T,C_T,C_T,C_G,A_A,C_C,A_C,A_G,C_T,A_A,C_T,A_A,C_C,C_C,G_G,G_G,C_C,C_C,G_G,G_G,C_T,C_C,C_T,G_G,C_C,C_C,C_C,G_G,C_C,C_C,T_T,A_G,A_A,C_G,T_T,C_C,T_T,G_G,G_G,G_G,A_A,C_C,G_G,T_T,A_A,C_G,C_T,C_C,A_T,G_G,C_C,C_C,C_G,A_A,C_C,G_G,G_G,G_G,C_G,G_G,A_G,A_G,C_C,A_A,G_G,A_G,C_C,G_G,C_G,C_C,G_G,A_A,G_G,T_T,A_G,A_T,C_T,C_C,T_T,A_G,T_T,C_G,T_T,T_T,T_T,T_T,T_T,A_T,G_G,A_A,C_T,C_T,A_G,C_C,C_C,A_G,A_G,T_T,C_C,A_A,C_G,C_C,T_T,A_A,C_C,A_A,A_G,T_T,A_A,G_G,A_G,T_T,T_T,C_C,C_G,C_G
NA19404,LWK,C_C,C_C,C_C,A_A,C_C,C_C,G_G,G_G,A_C,A_G,C_C,C_C,G_G,C_T,T_T,C_C,T_T,T_T,G_G,T_T,C_T,C_C,G_G,A_A,C_C,C_C,G_G,C_T,A_A,C_C,A_A,C_C,C_C,G_G,A_G,C_C,C_C,G_G,G_G,T_T,A_C,T_T,G_G,C_C,C_C,C_T,G_G,C_T,C_T,T_T,A_G,A_G,C_C,C_T,C_T,T_T,G_G,G_G,G_G,A_A,T_T,A_G,C_C,A_G,G_G,C_T,C_C,A_A,A_G,A_C,C_T,C_C,A_A,C_T,G_T,G_G,G_G,C_G,G_G,A_G,G_G,C_C,A_A,A_G,G_G,C_C,G_G,C_C,C_T,C_G,A_A,G_G,T_T,G_G,A_A,T_T,C_C,T_T,G_G,T_T,C_C,T_T,C_T,C_T,C_T,T_T,A_A,G_G,A_A,C_T,C_C,A_G,C_C,C_C,A_G,A_G,T_T,C_C,A_G,G_G,C_C,G_T,A_A,A_C,A_G,G_G,T_T,A_A,A_G,G_G,C_T,T_T,C_C,C_C,C_C
NA19431,LWK,C_T,C_C,A_C,A_A,C_C,A_C,G_G,C_G,A_A,A_G,C_C,C_C,G_G,C_T,C_T,C_T,T_T,T_T,G_G,C_C,C_C,C_T,G_G,A_T,C_C,A_A,A_G,T_T,A_A,C_C,A_A,C_C,C_C,G_G,A_A,C_C,C_C,A_G,G_G,T_T,C_C,C_C,G_G,C_C,C_C,C_C,G_G,C_C,C_T,T_T,A_G,A_A,C_G,C_C,C_C,T_T,G_G,G_G,G_G,A_A,C_T,A_G,T_T,A_A,G_G,C_T,C_C,T_T,G_G,C_C,C_T,C_G,G_G,C_T,G_G,G_G,A_G,C_G,A_G,A_G,A_G,C_C,A_A,A_G,A_A,C_C,G_G,C_C,C_C,C_G,A_A,A_G,C_T,G_G,T_T,C_C,C_C,C_C,A_G,C_T,C_C,T_T,T_T,T_T,T_T,T_T,A_T,G_G,A_A,C_T,C_C,A_G,C_C,C_C,A_G,A_G,T_T,C_C,A_A,C_G,C_C,G_T,A_A,A_A,A_A,G_G,T_T,A_T,G_G,G_G,C_T,C_T,C_C,C_G,C_G
NA19449,LWK,C_C,C_C,C_C,A_A,C_C,C_C,A_G,G_G,A_A,A_A,C_C,C_C,G_G,T_T,C_T,C_T,C_T,T_T,G_G,C_T,C_T,T_T,G_G,A_T,C_C,C_C,A_G,C_T,A_A,C_T,A_G,C_C,C_C,A_G,A_G,C_C,T_T,A_G,G_G,T_T,C_C,C_T,G_G,C_C,C_C,C_C,G_T,C_T,C_C,T_T,A_A,A_A,C_G,C_T,C_T,T_T,G_G,A_G,G_G,A_A,T_T,G_G,C_T,A_G,C_G,C_C,C_C,A_A,G_G,C_C,?_?,G_G,A_G,C_T,T_T,G_G,A_G,C_C,G_G,G_G,A_A,C_T,A_A,A_G,G_G,C_C,G_G,C_C,C_C,G_G,A_A,G_G,T_T,A_G,A_A,C_T,A_C,C_T,G_G,C_C,C_G,T_T,T_T,T_T,T_T,T_T,A_A,G_G,A_A,T_T,C_T,A_G,C_C,C_T,A_A,A_G,T_T,C_G,A_A,G_G,C_C,G_T,A_A,A_C,A_G,G_G,T_T,A_T,G_G,G_G,T_T,T_T,C_C,C_C,C_C
NA21457,MKK,C_T,G_G,A_C,A_A,C_C,C_C,A_G,C_G,A_C,A_G,C_C,C_C,G_T,T_T,C_C,T_T,C_T,G_T,C_G,C_T,C_C,C_C,C_G,A_A,C_C,C_C,A_A,C_T,A_G,C_C,A_A,C_T,C_T,G_G,A_G,C_C,C_C,A_A,G_G,C_T,A_C,T_T,A_G,C_C,T_T,C_T,G_T,C_C,T_T,T_T,G_G,A_G,C_G,C_T,?_?,T_T,G_G,A_G,G_G,A_A,C_T,A_A,C_C,G_G,G_G,T_T,T_T,A_T,?_?,A_C,C_T,C_C,G_G,C_T,G_T,G_G,A_A,C_G,G_G,G_G,G_G,C_T,A_A,A_G,A_A,C_C,A_G,C_G,C_C,C_G,A_A,G_G,C_T,A_G,T_T,C_T,A_C,C_T,G_G,T_T,C_G,T_T,T_T,T_T,C_T,C_T,A_A,G_G,A_A,C_T,C_C,A_G,C_C,C_C,G_G,A_G,T_T,C_G,A_A,G_G,C_T,T_T,A_A,A_C,A_A,A_A,T_T,A_T,G_G,G_G,C_T,C_T,T_T,C_C,C_C
NA21722,MKK,C_T,C_G,A_A,A_A,C_G,C_C,G_G,G_G,A_C,A_G,C_G,C_C,G_T,C_T,T_T,C_C,T_T,G_T,C_G,C_C,C_T,T_T,C_G,A_A,C_C,A_C,G_G,T_T,A_G,C_T,G_G,C_C,T_T,A_G,A_A,C_C,C_C,A_G,G_G,T_T,A_A,C_C,A_G,C_C,C_C,T_T,T_T,C_T,T_T,T_T,A_A,A_A,C_G,C_C,T_T,C_T,T_T,G_G,A_G,A_A,C_C,A_G,C_T,A_G,C_G,C_T,T_T,A_A,A_G,C_C,C_C,G_G,A_G,C_T,G_G,G_G,A_G,C_C,G_G,A_G,A_A,C_C,A_A,A_G,A_A,C_C,A_G,G_G,T_T,C_C,A_A,G_G,C_T,A_A,T_T,T_T,A_A,C_T,G_G,T_T,C_G,G_T,T_T,C_T,C_T,C_T,A_A,G_G,A_A,T_T,C_T,A_G,C_C,C_C,G_G,A_G,T_T,C_G,A_G,C_G,C_T,G_T,A_A,C_C,A_G,A_A,T_T,T_T,A_G,A_G,T_T,C_T,C_T,C_C,C_G
NA21318,MKK,C_C,C_G,C_C,A_A,C_C,C_C,A_G,G_G,A_A,A_A,C_C,C_C,G_G,C_T,C_T,C_T,C_T,T_T,C_C,C_C,C_C,C_T,C_G,A_A,C_C,C_C,A_G,T_T,A_A,C_T,A_A,C_C,C_T,A_A,A_G,C_C,C_C,A_A,G_G,T_T,A_C,C_C,A_G,C_C,C_C,T_T,T_T,C_T,C_T,T_T,A_G,A_A,C_C,T_T,C_T,T_T,G_T,A_A,A_G,A_G,C_T,A_G,C_T,A_G,C_G,C_T,C_T,A_A,G_G,A_C,C_T,C_G,A_G,C_C,G_G,G_G,A_G,G_G,?_?,A_A,A_G,C_T,A_G,G_G,G_G,C_C,G_G,C_C,C_T,C_C,A_A,G_G,C_T,G_G,A_A,T_T,C_C,T_T,A_A,C_T,?_?,T_T,T_T,T_T,C_T,T_T,T_T,A_G,A_A,C_C,T_T,A_G,C_C,C_C,G_G,G_G,T_T,C_G,A_A,C_G,C_C,T_T,A_G,A_C,A_G,A_G,T_T,A_T,G_G,G_G,C_T,T_T,C_C,C_C,C_C
NA21370,MKK,C_C,C_C,C_C,A_T,C_C,A_A,A_G,C_G,A_A,A_A,C_G,C_C,G_T,C_C,T_T,C_C,C_T,T_T,G_G,C_T,C_T,T_T,C_G,T_T,C_C,A_C,G_G,C_T,A_G,C_T,A_A,C_T,T_T,G_G,A_G,C_C,C_T,G_G,G_G,C_T,C_C,T_T,G_G,C_C,T_T,T_T,G_G,C_C,C_T,C_T,G_G,A_G,C_G,C_T,T_T,T_T,G_G,A_G,G_G,A_G,C_C,G_G,T_T,A_A,C_G,C_T,C_C,A_A,A_G,A_C,C_T,C_C,A_G,C_T,G_T,G_G,A_G,C_G,A_G,A_G,A_A,C_T,A_G,A_G,G_G,C_T,G_G,C_G,T_T,C_G,A_A,G_G,T_T,G_G,A_A,C_T,C_C,C_T,A_G,T_T,G_G,T_T,T_T,T_T,T_T,T_T,A_T,A_G,A_A,C_T,C_T,G_G,C_C,C_T,A_G,A_G,T_T,C_C,A_G,G_G,C_T,G_T,A_G,A_C,A_A,A_G,T_T,A_T,G_G,A_G,C_C,T_T,C_C,C_C,C_G
NA21475,MKK,C_C,C_C,A_C,A_A,C_G,C_C,A_G,C_C,A_A,A_A,C_C,C_C,G_T,T_T,C_C,T_T,T_T,T_T,C_G,C_C,C_T,C_T,C_G,T_T,C_C,A_A,A_A,T_T,A_A,C_C,A_A,C_T,C_T,G_G,A_G,C_C,C_C,A_G,G_G,T_T,A_C,C_T,A_G,C_C,T_T,T_T,G_G,C_C,C_C,T_T,A_G,A_A,G_G,C_T,C_C,T_T,G_G,G_G,G_G,A_A,T_T,G_G,T_T,A_A,C_C,C_C,C_C,A_A,G_G,C_C,C_T,C_C,A_A,C_C,G_G,A_G,A_G,C_C,G_G,A_G,A_G,C_C,A_A,G_G,A_G,C_C,G_G,C_G,C_C,C_G,A_A,G_G,T_T,G_G,A_A,C_T,C_C,C_T,A_A,C_T,C_C,T_T,T_T,T_T,C_T,T_T,T_T,G_G,A_A,T_T,C_C,A_A,C_T,C_C,A_G,G_G,T_T,C_G,A_G,G_G,C_C,T_T,A_A,A_C,G_G,A_A,T_T,A_T,G_G,G_G,C_T,T_T,C_T,C_C,C_G
NA21524,MKK,C_C,C_G,A_C,A_T,C_C,C_C,G_G,C_G,A_C,G_G,C_G,C_C,G_G,C_T,C_T,C_T,T_T,T_T,C_C,C_T,C_T,T_T,G_G,A_A,C_C,A_A,A_G,C_T,A_A,T_T,A_A,C_C,C_T,G_G,G_G,C_C,C_C,A_A,G_G,C_T,A_C,T_T,G_G,C_C,C_T,C_C,G_G,T_T,C_T,C_T,A_G,A_A,G_G,C_T,T_T,T_T,G_T,A_G,G_G,A_A,T_T,G_G,T_T,A_A,C_C,C_C,C_C,T_T,G_G,A_C,C_C,C_C,G_G,T_T,G_T,A_G,G_G,C_G,A_G,A_G,A_A,C_T,A_A,A_A,G_G,C_C,A_G,C_C,T_T,C_G,A_G,G_G,C_T,G_G,A_A,C_T,C_C,T_T,A_G,T_T,C_C,T_T,T_T,C_C,C_T,T_T,A_T,G_G,A_A,C_T,T_T,A_G,C_C,C_C,A_G,A_G,T_T,C_C,A_A,C_G,C_C,T_T,G_G,A_C,A_G,A_G,C_T,A_A,A_G,A_G,C_T,C_T,C_T,C_C,C_G
NA21493,MKK,C_C,C_C,A_A,A_A,C_C,A_A,G_G,C_G,A_C,A_G,C_C,C_C,G_G,C_T,C_T,C_T,C_T,T_T,G_G,C_C,C_C,C_C,C_G,A_T,C_T,A_A,A_G,T_T,A_G,T_T,A_A,C_C,C_C,G_G,A_G,C_C,C_C,G_G,A_G,C_C,A_C,C_C,G_G,C_C,T_T,C_C,T_T,T_T,C_T,T_T,G_G,A_A,C_G,C_T,C_T,T_T,T_T,A_G,A_G,A_A,T_T,G_G,C_T,A_A,C_G,C_T,T_T,A_A,A_G,C_C,C_C,C_C,A_G,C_T,G_G,G_G,G_G,C_G,A_G,G_G,G_G,C_C,A_A,A_G,G_G,C_T,G_G,C_G,C_T,C_C,A_A,G_G,T_T,G_G,T_T,C_T,C_C,C_T,A_G,T_T,C_G,T_T,C_T,C_C,C_C,C_T,A_T,G_G,A_A,C_T,C_T,G_G,C_T,C_T,A_G,A_G,T_T,C_G,A_G,G_G,C_C,G_T,A_A,C_C,A_A,A_G,T_T,A_T,A_G,A_G,C_T,C_T,T_T,C_C,C_C
NA20505,TSI,C_C,G_G,C_C,A_A,C_G,A_A,A_A,C_C,A_C,A_G,G_G,C_C,T_T,C_C,T_T,C_C,C_T,G_T,C_G,C_C,C_T,C_C,C_G,A_T,C_C,A_A,G_G,T_T,A_A,T_T,A_G,T_T,C_T,A_A,A_A,C_G,T_T,A_A,A_G,C_C,A_A,T_T,A_A,C_C,C_C,T_T,G_T,T_T,T_T,T_T,G_G,A_G,C_C,C_C,T_T,C_C,T_T,G_G,G_G,A_G,T_T,A_A,C_C,G_G,G_G,T_T,C_T,A_T,A_A,A_A,C_C,G_G,A_A,T_T,G_T,G_G,A_A,G_G,A_G,G_G,G_G,C_T,G_G,A_A,A_A,C_T,A_A,G_G,C_T,C_G,G_G,A_G,C_T,A_G,T_T,C_T,A_C,T_T,A_A,C_C,G_G,G_G,C_C,C_T,C_C,C_T,T_T,A_G,A_G,C_C,C_C,A_A,C_C,C_T,A_A,A_G,T_T,G_G,A_G,C_G,T_T,G_T,G_G,A_C,A_A,A_G,C_T,T_T,A_A,A_G,C_C,C_T,T_T,C_G,G_G
NA20504,TSI,C_T,C_G,A_C,A_A,C_G,A_A,A_G,C_G,C_C,A_A,C_C,C_C,T_T,C_C,T_T,C_C,C_T,T_T,C_G,C_T,C_C,C_T,C_G,T_T,C_T,A_C,G_G,C_T,A_A,T_T,A_G,C_T,C_C,A_A,A_A,C_C,T_T,A_A,A_G,C_C,A_A,T_T,A_A,C_C,C_C,T_T,G_T,T_T,C_T,T_T,G_G,G_G,C_G,C_C,T_T,C_T,G_T,A_G,A_A,A_G,C_T,A_A,C_C,G_G,G_G,?_?,C_T,A_T,A_A,A_A,C_T,G_G,A_A,C_T,G_T,A_A,A_A,G_G,A_G,G_G,A_G,T_T,G_G,A_G,A_G,C_T,A_A,G_G,T_T,C_G,A_A,G_G,C_C,G_G,T_T,T_T,C_C,C_T,A_A,C_C,G_G,G_G,C_C,C_C,C_T,T_T,T_T,G_G,A_A,C_C,C_T,A_G,T_T,C_C,A_A,A_G,C_C,C_G,A_A,C_C,T_T,G_T,A_A,A_A,A_G,A_G,T_T,T_T,A_G,A_G,C_C,C_T,T_T,C_G,G_G
NA20506,TSI,C_C,G_G,A_C,A_T,C_G,C_C,A_G,C_C,C_C,A_G,C_G,C_C,T_T,C_C,T_T,C_C,C_T,G_G,C_G,C_C,C_C,C_T,C_G,T_T,T_T,A_C,G_G,T_T,A_G,T_T,A_A,T_T,C_T,A_G,A_A,C_C,T_T,A_A,A_A,C_T,A_A,T_T,G_G,A_C,C_C,T_T,G_T,T_T,C_T,C_T,G_G,A_A,C_C,C_C,T_T,C_T,T_T,A_A,A_G,A_G,C_C,A_G,C_T,A_G,G_G,T_T,T_T,A_A,A_A,A_A,T_T,G_G,A_A,C_C,G_T,A_G,A_A,G_G,A_G,A_G,A_G,C_C,A_A,G_G,G_G,C_T,A_G,G_G,T_T,G_G,A_A,G_G,C_C,A_G,A_T,C_T,A_C,T_T,A_A,C_C,G_G,G_G,C_C,C_T,C_C,C_C,T_T,A_G,A_A,C_C,C_C,G_G,C_T,C_T,A_G,A_G,T_T,C_G,A_G,C_G,T_T,G_T,G_G,A_A,A_A,G_G,T_T,T_T,A_G,A_A,C_C,C_T,C_T,C_G,G_G
