Patient_ID,population,rs10001947,rs1005032,rs1005608,rs10072084,rs10075371,rs10075720,rs10137272,rs10242455,rs10474381,rs10497029,rs1050115,rs10520997,rs10753376,rs10792608,rs10890041,rs10897976,rs10908849,rs10910099,rs10915360,rs10965215,rs1110052,rs11120876,rs11125815,rs11166028,rs11176729,rs11190458,rs11203815,rs11208579,rs11210640,rs1125954,rs11260568,rs11260595,rs11547493,rs11552172,rs11583332,rs11586404,rs11618950,rs11660396,rs1175549,rs11759220,rs11799924,rs11805516,rs11808276,rs11842930,rs11884415,rs11915247,rs11916051,rs12022654,rs12031557,rs12059640,rs1206088,rs12064015,rs1206810,rs12069196,rs12069909,rs12085768,rs12095221,rs12117343,rs12119558,rs12135523,rs12145658,rs12188101,rs12204275,rs12239056,rs12404555,rs12438284,rs12472293,rs12541188,rs12601516,rs12645079,rs12722820,rs12739022,rs12742323,rs12752801,rs12885270,rs12943500,rs12994558,rs13142580,rs13162048,rs1320565,rs13288508,rs13303010,rs13303106,rs13303118,rs1330684,rs13319626,rs13404079,rs1347957,rs1366457,rs1379602,rs1399357,rs1411088,rs1440463,rs1534110,rs1545223,rs1567049,rs1595422,rs1597178,rs16824500,rs16838922,rs16851168,rs16855615,rs16863858,rs16870510,rs16886536,rs16905958,rs16923264,rs16934647,rs16937924,rs17028457,rs17030159,rs17044602,rs17047458,rs17048353,rs17055737,rs17082523,rs17086113,rs17095806,rs17160698,rs17202778,rs17226259,rs17241648,rs17263039,rs17286578,rs17298420,rs17369470,rs17685410,rs1772890,rs17754897,rs17775439,rs17823777,rs1792959,rs1844959,rs1891231,rs1925704,rs1956593,rs1990796,rs1998759,rs2015532,rs201729,rs2028723,rs2054788,rs2058061,rs2061517,rs2067022,rs2181484,rs2188301,rs2190355,rs2227282,rs2237059,rs2237835,rs2241883,rs2274264,rs2284767,rs2298217,rs2315523,rs2341362,rs2359377,rs2373262,rs2376821,rs2415306,rs2423334,rs2430341,rs2488479,rs2493214,rs2503701,rs2515542,rs2551320,rs262656,rs2651906,rs2720710,rs2721202,rs2740566,rs2744677,rs2776822,rs2803310,rs28399555,rs28504611,rs2861641,rs28625223,rs28635343,rs28707307,rs2944776,rs3002685,rs30534,rs309143,rs309154,rs309172,rs3103736,rs312557,rs3125677,rs3131972,rs316598,rs349400,rs350130,rs35487582,rs364950,rs3737721,rs3766191,rs3769012,rs3806502,rs3813199,rs3820250,rs392630,rs3935066,rs3935821,rs404557,rs4142221,rs4233931,rs4269034,rs4310281,rs4314833,rs4402506,rs4431782,rs445633,rs4631721,rs4646457,rs4648764,rs4648819,rs4651330,rs4658560,rs4661748,rs4674632,rs4721216,rs4725499,rs4750058,rs477882,rs4875671,rs4908925,rs4912106,rs495937,rs4972277,rs5001924,rs532885,rs5743612,rs5770567,rs595541,rs6015825,rs6096853,rs6424639,rs6424976,rs6428392,rs6429800,rs6430594,rs6458997,rs648378,rs6556382,rs6572913,rs6584646,rs6667248,rs6671889,rs6673393,rs6676442,rs6677662,rs6681741,rs6685064,rs6694982,rs6696281,rs6697095,rs672138,rs6724569,rs6730036,rs6731365,rs6735149,rs6736379,rs6737636,rs6742013,rs6760326,rs67746,rs6794557,rs683966,rs6862681,rs6880683,rs6927023,rs6938518,rs6963345,rs6968676,rs6975220,rs699486,rs704737,rs7094900,rs7136627,rs7168199,rs7216396,rs7358097,rs7415927,rs7523732,rs7523842,rs7527194,rs7537756,rs7539166,rs7548984,rs7553178,rs7554078,rs7561423,rs7565410,rs7573555,rs7581814,rs7586145,rs7605229,rs7653308,rs770308,rs7710375,rs7741503,rs7745739,rs7760662,rs776746,rs7770679,rs7874475,rs790660,rs800672,rs8027732,rs8057684,rs8070885,rs809825,rs8140370,rs8177963,rs869939,rs875044,rs897469,rs9292857,rs9309464,rs936663,rs9470872,rs947347,rs9485572,rs9516890,rs9576822,rs9660718,rs9697358,rs973332,rs9745005,rs9782908,rs9832923,rs985365,rs9874060,rs992133,rs9943244,rs9948548,rs9953932,rs9992661
, strand ,+,+,+,+,+,+,+,+,+,+,+,+,+,+,+,+,+,+,+,+,+,+,+,+,+,+,+,+,+,+,+,+,+,+,+,+,+,+,+,+,+,+,+,+,+,+,+,+,+,+,+,+,+,+,+,+,+,+,+,+,+,+,+,+,+,+,+,+,+,+,+,+,+,+,+,+,+,+,+,+,+,+,+,+,+,+,+,+,+,+,+,+,+,+,+,+,+,+,+,+,+,+,+,+,+,+,+,+,+,+,+,+,+,+,+,+,+,-,+,+,+,+,+,+,+,+,+,+,+,+,+,+,+,+,+,+,+,+,+,+,+,+,+,+,+,+,+,+,-,+,+,+,+,+,+,+,+,+,+,+,+,+,+,+,+,+,+,+,+,+,+,+,+,+,+,+,+,+,+,+,-,-,+,+,+,+,+,+,+,+,+,+,+,+,+,+,+,+,+,+,+,+,+,+,+,+,+,+,+,+,+,+,+,+,+,+,+,-,+,+,+,+,+,+,+,+,+,+,+,+,+,+,+,-,+,+,+,+,+,+,+,+,+,+,+,+,+,+,+,+,+,+,+,+,+,+,+,+,+,-,+,+,+,+,+,+,+,+,+,+,+,+,+,+,+,+,+,+,+,+,+,+,+,+,+,-,+,+,+,+,+,+,+,+,+,+,+,+,+,+,+,-,+,+,+,+,+,+,+,-,+,+,+,+,+,+,-,+,+,+,+,+,-,+,+,+,+,+,+,+,+,+,+,+,+,+,+,+,+,+,+
NA19028,LWK,C_G,C_T,T_T,C_C,C_T,T_T,A_A,G_G,G_G,A_G,A_G,G_G,C_C,A_A,T_T,C_C,G_T,C_C,C_C,A_G,G_T,C_C,G_G,C_C,C_C,A_C,T_T,G_G,C_C,G_G,G_G,A_C,T_T,T_T,T_T,G_G,G_G,A_A,C_C,G_G,A_A,T_T,C_T,C_C,C_T,G_G,T_T,G_G,A_A,C_T,T_T,G_T,C_C,C_C,G_G,C_C,C_C,C_C,G_G,A_A,G_G,A_A,T_T,C_C,G_G,A_G,C_T,A_A,A_G,C_T,T_T,T_T,G_G,C_C,C_G,C_C,C_T,G_G,A_A,C_T,C_C,G_G,A_A,G_G,C_C,T_T,A_C,C_C,T_T,T_T,T_T,A_A,T_T,C_T,A_A,T_T,A_A,A_G,A_A,T_T,A_C,G_G,A_A,A_A,G_G,T_T,A_A,T_T,G_G,C_T,A_A,G_G,G_G,A_G,G_G,A_G,G_G,A_G,T_T,T_T,G_G,C_C,T_T,T_T,G_T,G_G,G_G,T_T,A_G,T_T,A_A,G_G,G_G,A_G,G_G,T_T,A_C,A_G,G_T,T_T,G_T,A_A,G_G,A_A,T_T,A_G,A_C,G_T,C_C,T_T,A_A,T_T,G_G,A_A,C_C,C_C,C_C,C_C,C_T,C_T,G_T,C_C,C_T,C_C,G_G,T_T,C_T,C_C,A_A,C_C,T_T,C_C,G_G,T_T,T_T,T_T,G_G,C_T,C_C,T_T,G_G,T_T,C_T,A_G,C_C,A_G,C_T,A_G,C_C,A_A,G_G,A_A,C_C,G_T,A_A,C_C,A_G,A_A,C_C,A_A,C_T,G_G,G_G,G_G,G_G,C_C,A_G,C_C,T_T,T_T,A_A,T_T,T_T,C_T,C_C,A_A,C_C,T_T,A_A,C_C,A_A,G_G,G_G,T_T,G_G,G_G,G_G,C_G,A_A,A_A,C_G,C_C,T_T,T_T,A_G,C_T,G_G,G_G,A_G,C_T,C_C,A_A,A_A,A_G,T_T,A_A,C_C,A_A,T_T,A_G,C_C,C_C,C_C,A_A,C_C,C_T,A_A,C_T,T_T,T_T,A_G,C_C,A_A,C_C,T_T,C_T,C_T,A_A,A_G,G_G,G_T,G_G,G_G,A_G,C_C,G_G,T_T,C_C,G_G,C_C,G_G,G_G,C_C,C_T,G_G,G_G,T_T,T_T,C_T,A_G,G_T,G_G,A_A,A_G,C_T,C_C,C_T,C_G,T_T,C_T,T_T,T_T,A_A,G_G,T_T,G_T,T_T,A_A,A_A,T_T,A_A,A_G,A_G,T_T,T_T,T_T,A_A,C_C,C_C,C_C,T_T,G_G,C_C,T_T,A_A,G_G,T_T,C_C,A_T,A_A,C_C,A_G,C_C,C_C,T_T,A_G,G_G,A_A,A_G,G_G,A_A
NA19031,LWK,C_C,C_C,T_T,C_C,C_C,T_T,A_A,G_G,G_G,G_G,A_G,G_G,C_G,A_A,T_T,C_C,T_T,A_C,T_T,G_G,G_G,C_C,G_G,C_C,C_C,A_C,T_T,G_G,C_T,G_G,G_G,C_C,T_T,T_T,T_T,G_G,A_G,A_A,C_C,G_G,A_A,T_T,C_C,C_C,C_C,G_G,T_T,G_G,A_A,C_C,T_T,T_T,C_C,C_C,G_G,C_C,C_C,C_C,G_G,A_A,G_G,A_A,T_T,C_C,G_G,A_A,C_T,A_A,G_G,T_T,T_T,T_T,G_G,C_C,C_C,C_C,T_T,G_G,A_A,C_T,C_C,G_G,A_A,G_G,C_C,T_T,C_C,C_C,T_T,G_T,T_T,A_A,C_T,C_T,A_A,C_T,A_A,G_G,G_G,T_T,C_C,G_G,A_A,A_C,A_G,A_T,A_C,T_T,G_G,T_T,A_A,G_G,A_G,G_G,G_G,G_G,A_G,A_G,T_T,T_T,G_G,C_C,T_T,T_T,T_T,G_G,G_G,T_T,A_A,T_T,A_A,G_G,G_G,G_G,G_G,T_T,A_C,G_G,T_T,T_T,G_T,A_A,G_G,A_A,T_T,A_G,C_C,T_T,C_C,T_T,A_G,T_T,A_G,A_A,C_C,C_C,C_C,C_C,T_T,C_T,T_T,C_C,T_T,C_T,G_G,C_C,C_C,C_T,A_A,T_T,T_T,C_C,A_G,G_T,C_T,C_C,G_G,T_T,C_C,C_T,G_G,T_T,C_C,G_G,C_C,A_G,C_T,A_G,C_C,A_C,G_G,A_A,C_C,G_G,A_A,A_C,A_G,A_G,C_T,A_G,C_T,G_G,G_T,A_G,G_G,C_C,A_G,C_C,T_T,T_T,A_A,T_T,T_T,C_C,C_C,A_A,C_C,T_T,A_A,A_A,A_A,G_G,G_G,T_T,G_G,G_G,G_G,C_C,A_C,A_A,C_C,C_C,C_T,T_T,G_G,C_T,A_G,G_G,A_G,T_T,C_C,A_C,A_A,A_G,C_T,A_G,C_C,A_G,T_T,A_A,A_C,T_T,C_C,A_A,C_T,T_T,A_A,C_T,T_T,A_T,A_G,C_T,A_A,C_C,T_T,C_C,C_T,A_A,A_A,G_G,T_T,G_G,G_G,A_G,C_C,G_G,T_T,C_C,G_G,C_C,G_G,C_G,C_C,C_C,G_G,G_G,T_T,T_T,C_C,A_G,G_G,G_G,A_A,A_G,C_C,C_C,C_T,C_G,T_T,C_T,C_T,T_T,A_A,G_G,C_T,T_T,T_T,A_A,A_G,T_T,A_G,A_G,A_G,T_T,T_T,T_T,A_A,C_C,C_C,C_T,T_T,G_G,C_C,T_T,A_A,G_G,C_T,A_A,A_T,A_A,C_C,A_A,C_C,C_C,T_T,A_A,G_G,A_A,A_G,G_G,A_A
NA19035,LWK,C_C,T_T,T_T,C_C,C_C,T_T,A_A,G_G,G_T,G_G,A_A,G_G,C_G,A_A,T_T,A_C,T_T,A_C,C_T,A_G,G_T,C_C,G_G,C_C,C_T,C_C,T_T,G_G,C_T,G_G,G_G,C_C,T_T,T_T,T_T,G_G,A_G,A_A,A_C,G_G,A_A,C_T,C_C,C_C,C_C,G_G,T_T,G_G,A_A,T_T,T_T,T_T,C_C,C_C,G_G,C_C,C_T,C_C,G_G,A_A,G_G,A_A,T_T,C_T,C_G,A_A,C_T,A_A,G_G,T_T,T_T,T_T,G_G,C_C,C_C,C_C,T_T,G_G,A_A,C_T,C_C,G_G,A_A,G_G,C_C,T_T,A_C,C_T,T_T,T_T,T_T,A_A,C_T,C_C,A_A,T_T,A_A,A_G,G_G,T_T,C_C,G_G,A_A,A_A,G_G,T_T,A_A,T_T,G_G,T_T,A_A,G_G,A_G,G_G,G_G,G_G,G_G,A_A,T_T,T_T,G_G,C_C,T_T,T_T,G_T,G_G,G_G,C_T,A_G,T_T,A_G,G_G,G_G,G_G,G_G,T_T,A_A,A_G,T_T,C_C,T_T,A_G,G_G,A_A,T_T,A_A,C_C,T_T,C_C,T_T,A_G,T_T,G_G,A_A,C_C,C_T,C_T,C_C,T_T,T_T,T_T,C_C,T_T,C_C,G_G,T_T,T_T,C_T,A_A,C_C,T_T,C_T,G_G,T_T,T_T,T_T,G_G,C_C,C_C,T_T,G_G,C_T,C_C,A_A,C_C,A_A,C_C,A_A,C_C,A_C,G_G,A_G,C_C,G_T,A_A,C_C,A_A,A_A,C_C,G_G,T_T,A_G,G_G,G_G,G_G,C_C,A_A,C_C,T_T,T_T,A_A,T_T,T_T,C_T,C_T,A_A,C_C,T_T,A_A,A_A,A_A,G_G,G_G,C_T,G_G,G_G,G_G,C_G,A_A,A_A,C_G,C_C,T_T,T_T,G_G,C_C,A_A,G_G,A_A,C_C,C_T,A_A,A_A,A_A,C_C,A_G,C_C,A_A,T_T,A_G,A_C,T_T,C_T,A_A,C_T,T_T,A_A,T_T,T_T,T_T,G_G,C_T,A_A,C_C,T_T,C_C,C_C,A_A,A_A,A_A,G_T,A_G,G_G,A_G,C_C,G_G,T_T,C_C,G_G,C_C,G_G,C_G,C_G,C_C,G_G,G_G,T_T,T_T,C_T,A_A,G_T,G_G,A_A,G_G,C_C,C_C,T_T,C_C,C_T,T_T,T_T,C_T,A_A,G_G,T_T,T_T,T_T,A_A,A_G,T_T,A_A,A_G,A_A,C_T,C_T,T_T,A_A,A_A,C_C,C_T,T_T,G_G,C_C,T_T,A_A,G_G,T_T,A_C,T_T,A_A,C_C,A_A,C_T,C_G,T_T,A_G,G_G,A_A,A_G,G_G,A_A
NA19027,LWK,C_C,T_T,T_T,C_C,C_T,T_T,A_A,G_G,G_G,G_G,A_G,G_G,C_C,A_A,T_T,C_C,G_T,A_C,C_T,G_G,G_G,C_C,G_G,C_C,C_C,A_C,T_T,G_G,C_C,G_G,G_G,C_C,T_T,T_T,T_T,G_G,A_G,A_A,C_C,G_G,G_G,T_T,C_C,C_T,C_C,G_G,T_T,G_G,A_A,C_T,T_T,T_T,C_C,C_C,G_G,C_C,C_C,C_C,G_G,A_A,G_G,A_A,T_T,C_T,G_G,A_A,C_T,A_A,G_G,C_T,T_T,T_T,G_G,C_C,C_C,C_C,T_T,G_G,A_A,C_T,C_T,A_G,A_A,G_G,C_C,T_T,A_A,C_C,T_T,G_T,T_T,A_A,C_C,C_T,A_A,C_C,A_G,G_G,G_G,T_T,C_C,G_G,A_A,A_A,G_G,T_T,A_A,T_T,G_G,T_T,A_A,A_G,G_G,G_G,G_G,G_G,G_G,A_A,T_T,T_T,G_G,C_C,T_T,T_T,T_T,G_G,G_G,T_T,A_G,T_T,A_G,A_G,G_G,G_G,G_G,T_T,A_A,A_G,G_T,C_T,T_T,A_A,G_G,A_A,T_T,A_A,C_C,T_T,C_C,T_T,A_A,T_T,A_G,A_A,C_C,C_C,T_T,C_C,T_T,T_T,G_T,C_C,C_T,C_C,A_G,C_T,C_T,C_C,A_A,C_C,T_T,C_T,G_G,G_T,T_T,T_T,G_G,C_C,C_C,T_T,G_G,T_T,C_C,A_A,C_C,A_G,C_T,A_G,C_C,A_C,A_A,G_G,C_C,G_G,A_G,C_C,A_G,A_G,C_C,A_G,C_T,G_G,G_T,G_G,A_G,C_C,A_G,C_C,T_T,T_T,A_A,T_T,T_T,T_T,C_C,A_G,C_C,T_T,A_A,C_C,A_A,G_T,G_G,C_T,G_G,A_G,G_G,C_G,A_C,A_A,C_C,C_C,T_T,T_T,G_G,C_C,G_G,G_G,A_A,C_T,C_C,A_A,A_A,A_G,C_T,A_G,C_C,A_A,C_T,A_A,C_C,T_T,C_T,A_A,C_T,C_T,A_A,C_T,T_T,T_T,A_G,C_T,A_A,C_C,T_T,C_C,C_T,A_A,A_A,A_G,T_T,A_G,G_T,A_A,C_C,G_G,T_T,C_C,G_G,C_C,G_G,G_G,C_C,T_T,G_G,C_G,T_T,T_T,C_C,A_G,G_T,G_G,A_A,A_G,C_C,C_C,C_T,C_G,C_T,C_T,C_T,T_T,A_A,G_G,T_T,T_T,T_T,A_A,A_A,A_T,A_A,G_G,A_A,T_T,C_T,G_T,A_A,A_C,C_C,C_C,T_T,G_G,C_C,T_T,A_A,G_G,T_T,A_C,T_T,A_G,C_C,A_G,C_C,C_G,T_T,G_G,G_G,A_A,A_A,G_G,A_A
NA21297,MKK,C_C,T_T,T_T,T_T,C_C,G_T,A_A,A_G,T_T,G_G,A_G,G_G,C_C,A_A,T_T,C_C,G_G,A_C,C_T,A_G,G_T,C_C,G_G,C_C,C_C,C_C,A_T,G_G,C_T,G_G,G_G,C_C,T_T,T_T,T_T,G_G,G_G,A_A,A_C,G_G,A_A,T_T,C_C,C_C,C_C,G_G,T_T,A_G,A_A,C_C,T_T,T_T,C_C,C_C,G_G,C_C,C_C,C_C,G_G,A_A,G_G,A_A,G_T,C_C,G_G,A_A,C_T,A_A,G_G,T_T,T_T,T_T,G_G,C_C,C_G,C_C,C_T,G_G,A_A,C_T,C_T,G_G,A_A,G_G,T_T,T_T,C_C,C_C,T_T,T_T,T_T,A_A,C_C,C_T,G_G,T_T,A_G,A_A,G_G,A_T,A_C,G_G,A_A,A_A,G_G,T_T,A_A,T_T,G_G,T_T,A_A,G_G,G_G,G_G,G_G,G_G,G_G,A_G,T_T,T_T,G_G,C_C,T_T,C_T,G_T,G_G,A_G,T_T,G_G,C_T,A_A,G_G,G_G,G_G,G_G,T_T,A_A,G_G,G_T,T_T,T_T,G_G,G_G,G_G,T_T,A_G,C_C,T_T,C_G,T_T,A_A,C_C,G_G,A_A,C_C,C_T,C_T,C_C,C_T,C_C,G_T,C_T,T_T,C_C,A_A,T_T,T_T,C_C,A_A,C_C,A_T,C_C,A_G,G_T,T_T,C_T,G_G,C_C,C_C,C_T,G_G,T_T,C_C,A_A,C_C,G_G,T_T,G_G,T_T,A_A,G_G,A_G,C_C,G_G,A_A,C_C,A_A,A_A,C_T,A_G,C_T,G_G,G_G,G_G,A_G,C_T,A_A,C_T,C_C,T_T,A_A,T_T,T_T,T_T,C_C,A_G,A_C,C_C,A_A,A_A,A_A,G_T,G_G,T_T,G_G,A_G,G_G,C_G,A_A,A_A,C_G,C_C,T_T,T_T,G_G,C_C,A_G,G_G,A_G,T_T,C_C,A_A,A_A,A_G,T_T,A_A,C_C,A_A,T_T,A_A,C_C,T_T,C_C,A_G,C_C,T_T,A_A,C_T,T_T,T_T,A_G,C_C,G_G,C_C,T_T,C_C,C_T,A_C,A_A,G_G,G_T,G_G,G_G,G_G,C_C,G_G,T_T,G_G,A_G,C_T,G_G,G_G,C_G,T_T,G_G,G_G,T_T,T_T,C_C,A_A,G_G,C_G,A_A,A_A,C_T,T_T,C_T,C_G,T_T,C_T,C_T,C_T,A_A,G_G,T_T,T_T,C_T,A_A,A_A,T_T,A_A,A_G,A_A,T_T,C_T,T_T,A_A,A_A,C_T,C_T,T_T,G_G,C_C,T_T,A_G,G_G,C_T,A_C,T_T,A_G,T_T,A_A,C_C,C_G,C_T,G_G,A_G,A_A,A_A,A_G,A_A
NA21379,MKK,C_G,T_T,C_T,C_T,C_C,T_T,A_A,A_A,G_T,G_G,A_G,A_G,C_G,A_A,T_T,C_C,G_T,C_C,C_T,A_G,G_T,C_C,A_G,C_C,C_T,C_C,A_T,A_G,C_C,G_G,C_G,C_C,T_T,T_T,T_T,G_G,G_G,A_A,A_C,G_G,A_G,T_T,C_C,C_C,C_C,G_G,C_T,G_G,A_A,C_C,T_T,T_T,C_C,C_C,G_G,C_C,C_C,C_C,G_G,A_G,G_G,A_G,G_T,C_C,G_G,A_A,C_T,A_A,G_G,C_T,T_T,T_T,G_G,C_C,C_G,C_C,T_T,G_G,G_G,T_T,C_C,G_G,A_A,G_G,C_C,T_T,C_C,C_C,T_T,T_T,T_T,A_G,C_T,C_C,A_G,C_T,A_G,G_G,G_G,T_T,C_C,G_G,A_A,A_A,G_G,T_T,A_A,T_T,G_G,T_T,A_A,G_G,G_G,G_G,G_G,G_G,G_G,A_A,T_T,C_T,A_G,C_C,T_T,C_T,G_T,G_G,G_G,T_T,A_G,T_T,A_A,G_G,G_G,G_G,G_G,T_T,A_A,G_G,G_G,C_C,T_T,A_G,A_G,A_G,C_T,A_G,C_C,T_T,C_G,C_T,A_G,C_T,A_G,A_G,C_C,C_C,T_T,C_C,C_T,T_T,G_T,C_T,T_T,C_C,G_G,C_C,T_T,C_C,A_A,C_T,T_T,C_C,A_A,T_T,C_T,C_C,G_G,C_C,C_C,C_T,G_G,T_T,C_C,G_G,C_T,A_G,C_T,A_G,C_C,A_A,A_G,A_G,C_C,G_T,A_A,C_C,A_A,A_G,C_C,A_A,C_T,G_G,G_T,G_G,G_G,C_C,A_A,C_T,T_T,T_T,A_A,T_T,C_T,T_T,C_C,A_G,A_A,C_T,A_A,A_C,A_A,G_T,G_G,T_T,G_G,G_G,A_G,C_G,A_C,A_A,C_G,C_C,T_T,T_T,G_G,C_T,G_G,G_G,G_G,C_T,C_C,A_A,A_G,A_G,C_C,G_G,C_C,A_A,C_T,A_G,C_C,C_C,C_T,A_A,C_T,C_T,A_A,C_T,T_T,T_T,A_G,C_C,G_G,C_C,T_T,C_C,C_T,A_C,A_G,G_G,G_T,G_G,G_G,A_G,C_C,A_G,T_T,C_G,G_G,C_T,G_G,C_C,C_C,C_T,G_G,G_G,T_T,T_T,C_C,A_A,G_G,G_G,A_A,A_A,C_T,C_T,C_T,C_G,T_T,C_T,C_T,C_T,A_A,G_G,T_T,T_T,C_C,A_A,A_A,T_T,G_G,G_G,A_A,T_T,C_T,T_T,A_A,A_A,C_C,C_T,T_T,A_G,C_C,T_T,A_A,G_G,C_C,A_A,T_T,A_A,C_T,A_A,C_C,C_C,T_T,G_G,G_G,A_A,A_G,G_G,A_A
NA21528,MKK,C_G,T_T,T_T,C_C,C_C,T_T,A_A,G_G,T_T,G_G,A_G,A_A,C_G,G_G,T_T,A_A,G_G,A_C,T_T,A_G,G_T,C_C,G_G,C_C,C_C,A_C,T_T,G_G,C_C,A_G,C_G,C_C,T_T,C_T,C_T,A_G,A_A,A_A,A_A,G_G,A_A,T_T,C_C,C_C,C_C,G_G,C_T,G_G,A_A,C_T,T_T,T_T,C_T,C_C,G_G,C_C,C_C,C_T,G_G,A_A,G_G,A_A,T_T,C_C,G_G,A_G,C_T,A_A,A_G,T_T,C_T,T_T,G_G,C_C,C_C,C_C,T_T,G_G,A_G,T_T,T_T,A_G,A_A,G_G,C_C,T_T,C_C,C_C,T_T,T_T,C_C,A_G,C_C,C_C,G_G,C_T,A_G,G_G,G_G,T_T,C_C,G_G,A_A,A_A,G_G,T_T,A_A,T_T,G_G,T_T,A_A,G_G,G_G,G_G,G_G,G_G,G_G,A_A,T_T,C_T,G_G,C_C,T_T,T_T,G_T,A_G,A_G,T_T,G_G,C_T,A_G,G_G,G_G,G_G,G_G,C_T,A_C,G_G,G_T,T_T,T_T,A_G,G_G,A_A,T_T,A_G,C_C,T_T,G_G,C_C,A_A,C_C,G_G,A_A,C_C,C_C,T_T,C_T,T_T,C_T,G_G,C_C,C_T,C_C,A_G,C_T,T_T,C_C,A_A,C_T,T_T,C_C,G_G,T_T,C_T,T_T,G_G,C_C,C_C,T_T,G_G,T_T,C_C,A_A,T_T,A_G,C_T,A_G,C_C,A_C,A_A,G_G,C_C,G_T,A_A,C_C,A_A,A_A,C_C,A_G,C_T,G_G,G_T,A_G,A_G,C_T,A_A,T_T,C_C,T_T,A_G,T_T,T_T,C_T,C_C,A_G,A_C,T_T,A_A,A_A,A_G,G_G,G_G,T_T,A_G,G_G,A_G,G_G,A_A,A_A,C_C,C_T,T_T,T_T,G_G,T_T,A_G,G_G,G_G,T_T,C_T,A_A,A_A,A_G,C_C,A_A,C_C,A_A,T_T,A_A,A_A,C_T,C_C,A_G,C_C,C_C,A_A,C_T,T_T,T_T,A_G,C_C,A_A,C_T,T_T,C_T,C_T,C_C,A_A,G_G,G_G,G_G,G_T,G_G,C_C,G_G,T_T,C_G,G_G,C_T,G_G,C_G,C_C,C_C,G_G,G_G,T_T,T_T,C_C,A_G,G_G,C_C,A_G,A_A,C_T,C_C,C_T,C_G,C_T,C_T,C_T,T_T,A_A,G_G,T_T,T_T,C_T,A_A,A_A,T_T,A_A,G_G,A_A,T_T,C_T,T_T,A_A,A_A,C_T,C_C,T_T,G_G,C_G,T_T,A_A,G_G,T_T,A_C,T_T,A_G,C_C,A_A,C_C,C_C,T_T,G_G,A_G,A_A,A_A,G_G,A_A
NA21423,MKK,G_G,C_T,C_T,C_T,C_C,T_T,A_A,A_G,T_T,G_G,A_G,A_A,C_G,G_G,C_T,A_A,G_G,A_C,C_C,G_G,G_T,C_C,A_G,C_C,C_C,C_C,T_T,A_G,C_C,G_G,C_G,C_C,T_T,C_T,T_T,G_G,A_G,A_A,C_C,G_G,A_A,C_T,C_C,C_C,C_C,G_G,C_T,G_G,A_G,C_T,T_T,T_T,C_C,C_C,G_G,C_C,C_C,C_T,G_G,A_G,G_G,A_A,G_T,C_C,C_G,A_G,C_T,A_A,G_G,T_T,T_T,T_T,G_G,C_C,C_G,C_C,C_T,G_G,A_A,T_T,C_T,G_G,A_A,G_T,C_C,T_T,C_C,C_C,T_T,T_T,C_C,A_G,C_T,C_C,A_G,T_T,G_G,A_G,G_G,T_T,C_C,A_G,A_A,A_A,G_G,T_T,A_A,T_T,G_G,T_T,A_A,G_G,G_G,G_G,G_G,G_G,G_G,A_A,T_T,T_T,A_A,C_C,T_T,T_T,T_T,G_G,G_G,C_T,G_G,T_T,A_A,G_G,G_G,G_G,A_G,T_T,A_A,G_G,G_T,T_T,G_T,A_A,A_G,A_A,T_T,A_G,C_C,T_T,C_G,C_T,A_G,C_T,G_G,A_A,C_C,C_C,C_T,C_C,C_T,C_T,G_T,C_C,C_T,C_C,A_G,C_T,T_T,C_C,A_C,C_C,T_T,C_C,A_G,G_T,T_T,C_T,G_G,C_T,C_C,T_T,G_G,T_T,C_C,G_G,C_T,G_G,T_T,G_G,C_T,A_A,A_G,A_G,C_T,T_T,A_A,C_C,A_A,A_A,C_C,A_G,C_T,G_G,G_T,A_G,A_G,C_T,A_A,C_C,C_T,T_T,A_A,T_T,T_T,T_T,C_C,A_G,A_C,T_T,A_A,A_A,A_A,G_G,A_A,T_T,A_G,A_A,G_G,C_G,A_A,A_A,C_C,C_T,T_T,T_T,G_G,C_T,G_G,G_G,G_G,C_T,C_C,A_A,A_A,A_G,C_C,A_G,C_C,A_G,T_T,A_A,C_C,C_T,C_C,A_A,C_C,C_C,A_A,C_T,T_T,T_T,A_G,C_C,A_A,C_C,T_T,C_C,C_T,C_C,A_G,G_G,G_T,G_G,G_G,G_G,C_C,G_G,T_T,C_C,A_G,C_T,G_G,C_C,C_C,C_C,G_G,G_G,T_T,T_T,C_C,A_A,G_G,C_G,A_G,A_A,C_T,C_C,C_T,C_G,T_T,C_T,T_T,T_T,A_A,G_G,T_T,T_T,C_T,A_A,A_A,T_T,A_A,G_G,A_A,T_T,C_C,T_T,A_A,A_C,C_T,C_C,T_T,G_G,C_G,T_T,A_A,G_G,T_T,C_C,T_T,A_A,C_T,A_A,C_C,C_C,T_T,G_G,G_G,C_C,A_G,A_G,A_A
